0,18.440000,340.033600,Y,3+,Y_D01
0,-5.560000,30.913600,Y,0,Y_D01
0,1.440000,2.073600,Y,2,Y_D01
0,8.440000,71.233600,Y,3+,Y_D01
0,-13.560000,183.873600,Y,0,Y_D01
0,-11.560000,133.633600,Y,0,Y_D01
0,18.440000,340.033600,Y,3+,Y_D01
0,-3.560000,12.673600,Y,3+,Y_D01
0,-5.560000,30.913600,Y,1,Y_D01
0,1.440000,2.073600,Y,3+,Y_D01
1,-11.560000,133.633600,Y,0,Y_D01
0,-2.560000,6.553600,Y,0,Y_D01
0,-4.560000,20.793600,Y,1,Y_D01
0,5.440000,29.593600,Y,3+,Y_D01
0,-0.560000,0.313600,Y,3+,Y_D01
1,4.440000,19.713600,Y,3+,Y_D01
0,-5.560000,30.913600,Y,0,Y_D01
1,-0.560000,0.313600,Y,3+,Y_D01
1,-6.560000,43.033600,Y,1,Y_D01
0,-3.560000,12.673600,Y,2,Y_D01
0,-4.560000,20.793600,Y,0,Y_D01
0,-9.560000,91.393600,Y,0,Y_D01
0,2.440000,5.953600,Y,3+,Y_D01
1,2.440000,5.953600,Y,2,Y_D01
1,-4.560000,20.793600,Y,1,Y_D01
0,14.440000,208.513600,Y,3+,Y_D01
1,-6.560000,43.033600,Y,0,Y_D01
1,-3.560000,12.673600,Y,1,Y_D01
1,-5.560000,30.913600,Y,1,Y_D01
1,-1.560000,2.433600,Y,1,Y_D01
0,-6.560000,43.033600,Y,2,Y_D01
1,-2.560000,6.553600,Y,2,Y_D01
0,-7.560000,57.153600,Y,2,Y_D01
0,9.440000,89.113600,Y,0,Y_D01
0,8.440000,71.233600,Y,3+,Y_D01
0,14.440000,208.513600,Y,3+,Y_D01
1,8.440000,71.233600,Y,3+,Y_D01
0,6.440000,41.473600,Y,3+,Y_D01
0,-3.560000,12.673600,Y,2,Y_D01
1,-5.560000,30.913600,Y,3+,Y_D01
0,14.440000,208.513600,Y,3+,Y_D01
0,2.440000,5.953600,Y,3+,Y_D01
0,-10.560000,111.513600,Y,1,Y_D01
0,5.440000,29.593600,Y,3+,Y_D01
1,-7.560000,57.153600,Y,1,Y_D01
1,-4.560000,20.793600,Y,2,Y_D01
1,-1.560000,2.433600,Y,3+,Y_D01
0,-11.560000,133.633600,Y,1,Y_D01
1,1.440000,2.073600,Y,3+,Y_D01
1,11.440000,130.873600,Y,2,Y_D01
0,-12.560000,157.753600,Y,0,Y_D01
1,-2.560000,6.553600,Y,2,Y_D01
0,-3.560000,12.673600,Y,0,Y_D01
1,-4.560000,20.793600,Y,0,Y_D01
1,-7.560000,57.153600,Y,2,Y_D01
1,8.440000,71.233600,Y,1,Y_D01
1,-5.560000,30.913600,Y,2,Y_D01
0,7.440000,55.353600,Y,3+,Y_D01
0,-6.560000,43.033600,Y,1,Y_D01
0,-11.560000,133.633600,Y,0,Y_D01
0,15.440000,238.393600,Y,3+,Y_D01
0,-4.560000,20.793600,Y,2,Y_D01
0,-3.560000,12.673600,Y,2,Y_D01
0,11.440000,130.873600,N,3+,N_D01
0,-4.560000,20.793600,N,3+,N_D01
0,10.440000,108.993600,N,3+,N_D01
0,4.440000,19.713600,N,3+,N_D01
0,-3.560000,12.673600,N,3+,N_D01
0,-12.560000,157.753600,N,0,N_D01
0,-7.560000,57.153600,N,2,N_D01
0,-13.560000,183.873600,N,0,N_D01
0,3.440000,11.833600,N,3+,N_D01
0,19.440000,377.913600,N,2,N_D01
0,-7.560000,57.153600,N,2,N_D01
0,1.440000,2.073600,N,2,N_D01
0,-4.560000,20.793600,N,0,N_D01
0,-7.560000,57.153600,N,0,N_D01
0,-1.560000,2.433600,N,3+,N_D01
0,2.440000,5.953600,N,3+,N_D01
0,8.440000,71.233600,N,3+,N_D01
0,8.440000,71.233600,N,3+,N_D01
0,-9.560000,91.393600,N,0,N_D01
1,8.440000,71.233600,N,3+,N_D01
0,7.440000,55.353600,N,3+,N_D01
0,5.440000,29.593600,N,3+,N_D01
1,2.440000,5.953600,N,3+,N_D01
0,-4.560000,20.793600,N,0,N_D01
0,0.440000,0.193600,N,3+,N_D01
0,11.440000,130.873600,N,3+,N_D01
1,-3.560000,12.673600,N,3+,N_D01
0,5.440000,29.593600,N,0,N_D01
0,-1.560000,2.433600,N,3+,N_D01
0,-7.560000,57.153600,N,2,N_D01
1,5.440000,29.593600,N,3+,N_D01
0,6.440000,41.473600,N,1,N_D01
1,0.440000,0.193600,N,3+,N_D01
1,10.440000,108.993600,N,3+,N_D01
1,7.440000,55.353600,N,3+,N_D01
0,-11.560000,133.633600,N,1,N_D01
0,10.440000,108.993600,N,2,N_D01
0,2.440000,5.953600,N,3+,N_D01
0,-3.560000,12.673600,N,2,N_D01
0,0.440000,0.193600,N,3+,N_D01
0,16.440000,270.273600,N,3+,N_D01
0,4.440000,19.713600,N,1,N_D01
0,12.440000,154.753600,N,3+,N_D01
0,8.440000,71.233600,N,3+,N_D01
0,18.440000,340.033600,N,3+,N_D01
0,-13.560000,183.873600,N,0,N_D01
0,-11.560000,133.633600,N,1,N_D01
0,-2.560000,6.553600,N,0,N_D01
0,-5.560000,30.913600,N,0,N_D01
0,3.440000,11.833600,N,2,N_D01
0,-1.560000,2.433600,N,0,N_D01
0,3.440000,11.833600,N,3+,N_D01
0,-1.560000,2.433600,N,3+,N_D01
0,11.440000,130.873600,N,2,N_D01
0,-1.560000,2.433600,N,3+,N_D02
0,-5.560000,30.913600,N,2,N_D02
0,-13.560000,183.873600,N,0,N_D02
1,-5.560000,30.913600,N,2,N_D02
0,19.440000,377.913600,N,3+,N_D02
1,1.440000,2.073600,N,3+,N_D02
1,-2.560000,6.553600,N,1,N_D02
1,6.440000,41.473600,N,2,N_D02
0,-5.560000,30.913600,N,2,N_D02
1,7.440000,55.353600,N,3+,N_D02
0,1.440000,2.073600,N,3+,N_D02
0,0.440000,0.193600,N,2,N_D02
0,-11.560000,133.633600,N,0,N_D02
0,10.440000,108.993600,N,3+,N_D02
0,-7.560000,57.153600,N,0,N_D02
1,-2.560000,6.553600,N,2,N_D02
0,-13.560000,183.873600,N,0,N_D02
1,-2.560000,6.553600,N,2,N_D02
0,1.440000,2.073600,N,2,N_D02
0,-11.560000,133.633600,N,1,N_D02
1,-3.560000,12.673600,Y,3+,Y_D03
1,-8.560000,73.273600,Y,0,Y_D03
1,-6.560000,43.033600,Y,1,Y_D04
1,2.440000,5.953600,Y,3+,Y_D04
1,-1.560000,2.433600,Y,2,Y_D04
0,-3.560000,12.673600,Y,0,Y_D04
1,4.440000,19.713600,Y,3+,Y_D04
1,7.440000,55.353600,Y,2,Y_D04
1,7.440000,55.353600,Y,3+,Y_D04
1,-0.560000,0.313600,Y,3+,Y_D04
1,-10.560000,111.513600,Y,1,Y_D04
1,-3.560000,12.673600,Y,1,Y_D04
1,2.440000,5.953600,Y,3+,Y_D04
0,-2.560000,6.553600,N,2,N_D04
1,-4.560000,20.793600,N,1,N_D04
0,-4.560000,20.793600,N,0,N_D04
0,14.440000,208.513600,N,3+,N_D04
0,16.440000,270.273600,N,3+,N_D04
0,6.440000,41.473600,N,3+,N_D04
0,-1.560000,2.433600,N,3+,N_D04
1,1.440000,2.073600,N,1,N_D04
0,2.440000,5.953600,N,3+,N_D04
0,13.440000,180.633600,N,3+,N_D04
0,16.440000,270.273600,N,3+,N_D04
1,-0.560000,0.313600,N,3+,N_D04
1,8.440000,71.233600,N,3+,N_D04
1,2.440000,5.953600,N,3+,N_D04
0,-10.560000,111.513600,N,0,N_D04
0,-1.560000,2.433600,N,2,N_D04
0,-11.560000,133.633600,N,1,N_D04
0,-9.560000,91.393600,N,2,N_D04
0,-7.560000,57.153600,N,0,N_D04
0,-13.560000,183.873600,Y,0,Y_D05
1,2.440000,5.953600,Y,3+,Y_D05
0,-4.560000,20.793600,N,1,N_D05
0,3.440000,11.833600,N,3+,N_D05
0,-13.560000,183.873600,N,0,N_D05
1,-4.560000,20.793600,N,2,N_D05
0,-11.560000,133.633600,N,0,N_D05
1,-11.560000,133.633600,N,0,N_D05
1,-6.560000,43.033600,N,1,N_D05
0,13.440000,180.633600,N,3+,N_D05
1,-11.560000,133.633600,N,0,N_D05
0,-10.560000,111.513600,N,0,N_D05
0,-10.560000,111.513600,N,0,N_D05
0,16.440000,270.273600,N,3+,N_D05
0,-3.560000,12.673600,N,0,N_D05
0,-2.560000,6.553600,N,3+,N_D05
0,16.440000,270.273600,N,3+,N_D05
1,7.440000,55.353600,N,3+,N_D05
0,-10.560000,111.513600,N,0,N_D05
0,0.440000,0.193600,N,3+,N_D05
1,6.440000,41.473600,N,3+,N_D05
0,2.440000,5.953600,N,3+,N_D05
0,-9.560000,91.393600,N,0,N_D05
1,-8.560000,73.273600,N,2,N_D05
1,14.440000,208.513600,N,3+,N_D05
1,1.440000,2.073600,N,3+,N_D05
1,-4.560000,20.793600,N,2,N_D05
0,-4.560000,20.793600,N,3+,N_D05
0,-7.560000,57.153600,N,2,N_D05
1,-5.560000,30.913600,N,2,N_D05
1,-8.560000,73.273600,N,0,N_D05
0,-12.560000,157.753600,N,0,N_D05
0,-1.560000,2.433600,N,3+,N_D05
0,-1.560000,2.433600,N,3+,N_D05
0,18.440000,340.033600,N,3+,N_D05
0,17.440000,304.153600,N,2,N_D05
1,-0.560000,0.313600,N,3+,N_D05
0,11.440000,130.873600,N,3+,N_D05
0,13.440000,180.633600,N,3+,N_D05
1,-0.560000,0.313600,Y,0,Y_D06
1,-4.560000,20.793600,Y,1,Y_D06
1,-0.560000,0.313600,Y,3+,Y_D06
0,11.440000,130.873600,Y,2,Y_D06
1,-4.560000,20.793600,Y,0,Y_D06
0,7.440000,55.353600,Y,3+,Y_D06
1,4.440000,19.713600,Y,3+,Y_D06
0,-5.560000,30.913600,N,2,N_D06
0,13.440000,180.633600,N,3+,N_D06
1,-12.560000,157.753600,N,0,N_D06
0,12.440000,154.753600,N,3+,N_D06
0,-5.560000,30.913600,N,3+,N_D06
0,8.440000,71.233600,N,3+,N_D06
0,-11.560000,133.633600,N,0,N_D06
1,-0.560000,0.313600,N,1,N_D06
0,-7.560000,57.153600,N,1,N_D06
0,6.440000,41.473600,N,1,N_D06
1,4.440000,19.713600,N,3+,N_D06
1,-5.560000,30.913600,N,2,N_D06
1,-0.560000,0.313600,N,2,N_D06
0,-6.560000,43.033600,N,0,N_D06
0,0.440000,0.193600,N,2,N_D06
0,13.440000,180.633600,N,3+,N_D06
0,11.440000,130.873600,N,3+,N_D06
0,1.440000,2.073600,N,0,N_D06
1,-5.560000,30.913600,N,1,N_D06
0,-6.560000,43.033600,N,0,N_D06
1,-4.560000,20.793600,N,2,N_D06
0,-2.560000,6.553600,N,2,N_D06
1,13.440000,180.633600,N,3+,N_D06
0,-9.560000,91.393600,N,0,N_D06
0,-11.560000,133.633600,N,0,N_D06
0,-8.560000,73.273600,N,0,N_D06
0,-9.560000,91.393600,N,0,N_D06
0,-2.560000,6.553600,N,3+,N_D06
0,-10.560000,111.513600,N,0,N_D06
0,18.440000,340.033600,N,3+,N_D06
1,-7.560000,57.153600,N,1,N_D06
0,-4.560000,20.793600,N,1,N_D06
0,-9.560000,91.393600,N,1,N_D06
1,-0.560000,0.313600,N,3+,N_D06
0,-8.560000,73.273600,N,0,N_D06
0,8.440000,71.233600,N,1,N_D06
0,-5.560000,30.913600,N,1,N_D06
0,5.440000,29.593600,N,2,N_D06
0,-12.560000,157.753600,N,0,N_D06
0,16.440000,270.273600,N,3+,N_D06
0,8.440000,71.233600,N,3+,N_D06
0,8.440000,71.233600,N,3+,N_D06
0,-4.560000,20.793600,N,1,N_D06
0,-6.560000,43.033600,N,0,N_D06
0,-2.560000,6.553600,N,2,N_D06
0,18.440000,340.033600,N,3+,N_D06
0,18.440000,340.033600,N,2,N_D06
0,-0.560000,0.313600,N,3+,N_D06
0,8.440000,71.233600,N,3+,N_D06
0,-8.560000,73.273600,N,3+,N_D06
0,-5.560000,30.913600,N,3+,N_D06
1,0.440000,0.193600,N,2,N_D06
1,2.440000,5.953600,N,3+,N_D06
0,-7.560000,57.153600,N,1,N_D06
1,-2.560000,6.553600,N,3+,N_D06
0,15.440000,238.393600,N,3+,N_D06
1,10.440000,108.993600,N,3+,N_D06
0,-7.560000,57.153600,N,0,N_D06
0,1.440000,2.073600,N,3+,N_D07
0,-8.560000,73.273600,N,1,N_D07
0,-7.560000,57.153600,N,1,N_D07
0,-13.560000,183.873600,N,0,N_D07
0,-5.560000,30.913600,N,3+,N_D07
0,-10.560000,111.513600,N,0,N_D07
1,3.440000,11.833600,N,3+,N_D07
0,11.440000,130.873600,N,3+,N_D07
1,-7.560000,57.153600,N,0,N_D07
0,-6.560000,43.033600,N,1,N_D07
0,-0.560000,0.313600,N,3+,N_D07
0,2.440000,5.953600,N,1,N_D07
1,3.440000,11.833600,N,3+,N_D07
0,6.440000,41.473600,N,3+,N_D07
1,-10.560000,111.513600,N,1,N_D07
0,1.440000,2.073600,N,2,N_D07
0,-10.560000,111.513600,N,0,N_D07
1,-8.560000,73.273600,N,0,N_D07
1,-10.560000,111.513600,Y,0,Y_D08
1,0.440000,0.193600,Y,2,Y_D08
0,19.440000,377.913600,N,0,N_D08
0,9.440000,89.113600,N,3+,N_D08
1,-4.560000,20.793600,N,2,N_D08
0,-12.560000,157.753600,N,0,N_D08
0,-5.560000,30.913600,N,1,N_D08
0,11.440000,130.873600,N,3+,N_D08
1,-6.560000,43.033600,N,1,N_D08
0,-11.560000,133.633600,N,0,N_D08
1,7.440000,55.353600,N,3+,N_D08
0,0.440000,0.193600,N,1,N_D08
1,1.440000,2.073600,N,3+,N_D08
1,-7.560000,57.153600,N,1,N_D08
1,5.440000,29.593600,N,3+,N_D08
0,2.440000,5.953600,N,2,N_D08
1,-7.560000,57.153600,N,1,N_D08
0,-1.560000,2.433600,N,3+,N_D08
0,-9.560000,91.393600,N,0,N_D08
1,-6.560000,43.033600,N,1,N_D08
0,-7.560000,57.153600,N,0,N_D08
1,19.440000,377.913600,N,3+,N_D08
0,-8.560000,73.273600,N,2,N_D08
0,-6.560000,43.033600,N,2,N_D08
1,19.440000,377.913600,N,3+,N_D08
1,13.440000,180.633600,N,3+,N_D08
0,-9.560000,91.393600,N,1,N_D08
0,-6.560000,43.033600,N,0,N_D08
0,12.440000,154.753600,N,3+,N_D08
1,0.440000,0.193600,N,2,N_D08
0,16.440000,270.273600,N,3+,N_D08
0,7.440000,55.353600,N,1,N_D08
0,-13.560000,183.873600,N,0,N_D08
0,-3.560000,12.673600,N,1,N_D08
0,-6.560000,43.033600,N,0,N_D08
0,-9.560000,91.393600,N,0,N_D08
0,-2.560000,6.553600,N,3+,N_D08
1,7.440000,55.353600,Y,3+,Y_D09
1,-3.560000,12.673600,Y,2,Y_D09
0,16.440000,270.273600,Y,3+,Y_D09
0,1.440000,2.073600,N,2,N_D09
1,-4.560000,20.793600,N,3+,N_D09
0,-3.560000,12.673600,N,3+,N_D09
1,-9.560000,91.393600,N,1,N_D09
0,-0.560000,0.313600,N,3+,N_D09
1,2.440000,5.953600,N,2,N_D09
0,-11.560000,133.633600,N,0,N_D09
0,10.440000,108.993600,N,3+,N_D09
0,-5.560000,30.913600,N,2,N_D09
0,-6.560000,43.033600,N,1,N_D09
1,10.440000,108.993600,N,3+,N_D09
0,-10.560000,111.513600,N,2,N_D09
0,15.440000,238.393600,N,3+,N_D09
0,-5.560000,30.913600,N,3+,N_D09
0,-12.560000,157.753600,N,0,N_D09
0,-12.560000,157.753600,N,0,N_D09
0,-8.560000,73.273600,N,1,N_D09
1,-4.560000,20.793600,N,2,N_D09
0,10.440000,108.993600,N,3+,N_D09
0,11.440000,130.873600,N,3+,N_D09
0,18.440000,340.033600,N,2,N_D10
0,-11.560000,133.633600,N,0,N_D10
0,-6.560000,43.033600,N,1,N_D10
0,3.440000,11.833600,N,3+,N_D10
0,6.440000,41.473600,N,3+,N_D10
0,13.440000,180.633600,N,0,N_D10
0,15.440000,238.393600,N,3+,N_D10
1,3.440000,11.833600,N,1,N_D10
0,15.440000,238.393600,N,3+,N_D10
0,19.440000,377.913600,N,2,N_D10
0,12.440000,154.753600,N,0,N_D10
0,-12.560000,157.753600,N,0,N_D10
0,-9.560000,91.393600,N,0,N_D10
0,-9.560000,91.393600,N,0,N_D11
0,-8.560000,73.273600,N,0,N_D11
0,-5.560000,30.913600,N,1,N_D11
0,18.440000,340.033600,N,1,N_D11
0,-8.560000,73.273600,N,0,N_D11
0,-9.560000,91.393600,N,0,N_D11
0,-12.560000,157.753600,N,0,N_D11
0,3.440000,11.833600,N,0,N_D11
0,-8.560000,73.273600,N,0,N_D11
0,19.440000,377.913600,N,3+,N_D11
0,-3.560000,12.673600,N,0,N_D11
0,-5.560000,30.913600,N,1,N_D11
0,2.440000,5.953600,N,1,N_D11
0,0.440000,0.193600,N,1,N_D11
0,-11.560000,133.633600,N,0,N_D11
0,-2.560000,6.553600,N,2,N_D11
0,2.440000,5.953600,N,3+,N_D11
0,-8.560000,73.273600,N,1,N_D11
0,-8.560000,73.273600,N,0,N_D11
0,-6.560000,43.033600,N,0,N_D11
0,18.440000,340.033600,N,3+,N_D11
1,9.440000,89.113600,Y,3+,Y_D12
0,18.440000,340.033600,Y,3+,Y_D12
0,-5.560000,30.913600,Y,2,Y_D12
1,4.440000,19.713600,Y,0,Y_D12
0,-3.560000,12.673600,Y,3+,Y_D12
0,17.440000,304.153600,Y,3+,Y_D12
1,9.440000,89.113600,N,3+,N_D12
0,-7.560000,57.153600,N,1,N_D12
0,19.440000,377.913600,N,3+,N_D12
0,6.440000,41.473600,N,3+,N_D12
0,-1.560000,2.433600,N,0,N_D12
0,3.440000,11.833600,N,3+,N_D12
1,-5.560000,30.913600,N,0,N_D12
0,5.440000,29.593600,N,3+,N_D12
1,-11.560000,133.633600,N,0,N_D12
0,-1.560000,2.433600,N,3+,N_D12
0,2.440000,5.953600,N,3+,N_D12
0,-5.560000,30.913600,N,2,N_D12
1,-1.560000,2.433600,N,1,N_D12
0,5.440000,29.593600,N,3+,N_D12
1,18.440000,340.033600,N,3+,N_D12
0,10.440000,108.993600,N,3+,N_D12
1,4.440000,19.713600,N,3+,N_D12
0,3.440000,11.833600,N,3+,N_D12
1,11.440000,130.873600,N,3+,N_D12
0,-2.560000,6.553600,N,2,N_D12
0,-1.560000,2.433600,N,2,N_D12
1,8.440000,71.233600,N,3+,N_D12
0,-4.560000,20.793600,N,0,N_D12
0,10.440000,108.993600,Y,3+,Y_D13
0,-11.560000,133.633600,Y,0,Y_D13
1,6.440000,41.473600,Y,3+,Y_D13
1,-7.560000,57.153600,Y,0,Y_D13
0,-12.560000,157.753600,Y,1,Y_D13
1,-3.560000,12.673600,Y,1,Y_D13
0,-8.560000,73.273600,Y,0,Y_D13
0,-5.560000,30.913600,Y,0,Y_D13
0,-2.560000,6.553600,N,3+,N_D13
0,16.440000,270.273600,N,3+,N_D13
1,0.440000,0.193600,N,3+,N_D13
1,-1.560000,2.433600,N,3+,N_D13
0,-2.560000,6.553600,N,0,N_D13
0,15.440000,238.393600,N,3+,N_D13
0,0.440000,0.193600,N,1,N_D13
1,-7.560000,57.153600,N,2,N_D13
0,10.440000,108.993600,N,0,N_D13
0,-7.560000,57.153600,N,0,N_D13
0,3.440000,11.833600,N,3+,N_D13
1,0.440000,0.193600,N,3+,N_D13
0,13.440000,180.633600,N,0,N_D13
1,4.440000,19.713600,N,3+,N_D13
1,12.440000,154.753600,N,3+,N_D13
1,-3.560000,12.673600,N,1,N_D13
0,-9.560000,91.393600,Y,0,Y_D14
1,-10.560000,111.513600,Y,0,Y_D14
0,-10.560000,111.513600,Y,1,Y_D14
0,-11.560000,133.633600,Y,1,Y_D14
1,-11.560000,133.633600,Y,0,Y_D14
0,2.440000,5.953600,Y,1,Y_D14
0,7.440000,55.353600,Y,0,Y_D14
0,0.440000,0.193600,Y,0,Y_D14
0,-3.560000,12.673600,Y,1,Y_D14
1,-7.560000,57.153600,Y,0,Y_D14
1,-2.560000,6.553600,Y,2,Y_D14
0,3.440000,11.833600,Y,3+,Y_D14
1,3.440000,11.833600,Y,1,Y_D14
1,-11.560000,133.633600,Y,0,Y_D14
1,-4.560000,20.793600,Y,1,Y_D14
0,-10.560000,111.513600,Y,0,Y_D14
1,12.440000,154.753600,Y,3+,Y_D14
0,-7.560000,57.153600,Y,1,Y_D14
1,2.440000,5.953600,Y,3+,Y_D14
0,-10.560000,111.513600,Y,0,Y_D14
0,-10.560000,111.513600,Y,0,Y_D14
1,-8.560000,73.273600,Y,0,Y_D14
0,8.440000,71.233600,Y,3+,Y_D14
0,-12.560000,157.753600,Y,0,Y_D14
0,-6.560000,43.033600,Y,2,Y_D14
1,-8.560000,73.273600,Y,0,Y_D14
1,14.440000,208.513600,Y,3+,Y_D14
1,16.440000,270.273600,Y,3+,Y_D14
1,6.440000,41.473600,Y,3+,Y_D14
1,16.440000,270.273600,Y,3+,Y_D14
1,-11.560000,133.633600,Y,0,Y_D14
1,3.440000,11.833600,Y,3+,Y_D14
1,-5.560000,30.913600,Y,1,Y_D14
1,-6.560000,43.033600,Y,0,Y_D14
1,-2.560000,6.553600,Y,2,Y_D14
1,-7.560000,57.153600,Y,2,Y_D14
1,-1.560000,2.433600,Y,3+,Y_D14
1,2.440000,5.953600,Y,2,Y_D14
1,5.440000,29.593600,Y,3+,Y_D14
0,0.440000,0.193600,Y,3+,Y_D14
1,9.440000,89.113600,Y,3+,Y_D14
1,4.440000,19.713600,Y,3+,Y_D14
1,-13.560000,183.873600,Y,0,Y_D14
1,-13.560000,183.873600,Y,0,Y_D14
1,6.440000,41.473600,Y,3+,Y_D14
0,2.440000,5.953600,Y,0,Y_D14
0,-8.560000,73.273600,Y,0,Y_D14
0,12.440000,154.753600,Y,3+,Y_D14
1,-9.560000,91.393600,Y,0,Y_D14
1,10.440000,108.993600,Y,3+,Y_D14
1,-11.560000,133.633600,Y,0,Y_D14
0,2.440000,5.953600,Y,3+,Y_D14
0,-10.560000,111.513600,Y,0,Y_D14
1,-8.560000,73.273600,Y,0,Y_D14
1,2.440000,5.953600,Y,3+,Y_D14
1,4.440000,19.713600,Y,3+,Y_D14
1,7.440000,55.353600,Y,3+,Y_D14
0,-10.560000,111.513600,Y,1,Y_D14
0,-6.560000,43.033600,Y,0,Y_D14
1,3.440000,11.833600,Y,2,Y_D14
1,-9.560000,91.393600,Y,0,Y_D14
0,6.440000,41.473600,Y,1,Y_D14
1,-4.560000,20.793600,Y,2,Y_D14
1,-5.560000,30.913600,Y,1,Y_D14
0,-8.560000,73.273600,Y,1,Y_D14
1,0.440000,0.193600,Y,2,Y_D14
1,17.440000,304.153600,Y,3+,Y_D14
1,-7.560000,57.153600,Y,2,Y_D14
0,14.440000,208.513600,Y,3+,Y_D14
0,-4.560000,20.793600,Y,1,Y_D14
1,3.440000,11.833600,Y,2,Y_D14
1,-1.560000,2.433600,Y,1,Y_D14
1,-8.560000,73.273600,Y,1,Y_D14
1,0.440000,0.193600,Y,3+,Y_D14
1,-6.560000,43.033600,Y,1,Y_D14
1,13.440000,180.633600,Y,3+,Y_D14
1,0.440000,0.193600,Y,0,Y_D14
1,7.440000,55.353600,Y,3+,Y_D14
1,0.440000,0.193600,Y,2,Y_D14
0,-1.560000,2.433600,Y,0,Y_D14
1,-12.560000,157.753600,Y,0,Y_D14
0,18.440000,340.033600,Y,2,Y_D14
1,7.440000,55.353600,Y,3+,Y_D14
1,-8.560000,73.273600,Y,0,Y_D14
1,11.440000,130.873600,Y,3+,Y_D14
1,13.440000,180.633600,Y,3+,Y_D14
1,-7.560000,57.153600,Y,1,Y_D14
0,-10.560000,111.513600,Y,0,Y_D14
1,-3.560000,12.673600,Y,1,Y_D14
1,-7.560000,57.153600,Y,1,Y_D14
1,-4.560000,20.793600,Y,2,Y_D14
1,-8.560000,73.273600,Y,0,Y_D14
0,-2.560000,6.553600,Y,2,Y_D14
1,-9.560000,91.393600,Y,0,Y_D14
1,0.440000,0.193600,Y,0,Y_D14
0,-5.560000,30.913600,Y,0,Y_D14
1,-3.560000,12.673600,Y,0,Y_D14
1,-10.560000,111.513600,Y,1,Y_D14
0,0.440000,0.193600,Y,2,Y_D14
1,8.440000,71.233600,Y,3+,Y_D14
1,4.440000,19.713600,Y,2,Y_D14
1,2.440000,5.953600,N,1,N_D14
1,-5.560000,30.913600,N,1,N_D14
0,-6.560000,43.033600,N,2,N_D14
0,6.440000,41.473600,N,2,N_D14
0,-7.560000,57.153600,N,1,N_D14
0,-1.560000,2.433600,N,1,N_D14
0,-3.560000,12.673600,N,3+,N_D14
1,10.440000,108.993600,N,3+,N_D14
0,18.440000,340.033600,N,3+,N_D14
1,-12.560000,157.753600,N,0,N_D14
0,17.440000,304.153600,N,3+,N_D14
1,-5.560000,30.913600,N,3+,N_D14
0,-12.560000,157.753600,N,0,N_D14
0,-10.560000,111.513600,N,0,N_D14
0,0.440000,0.193600,N,3+,N_D14
0,-8.560000,73.273600,N,1,N_D14
1,17.440000,304.153600,N,3+,N_D14
1,14.440000,208.513600,Y,3+,Y_D15
0,-13.560000,183.873600,Y,0,Y_D15
0,1.440000,2.073600,Y,3+,Y_D15
0,2.440000,5.953600,Y,3+,Y_D15
1,-0.560000,0.313600,Y,3+,Y_D15
0,19.440000,377.913600,Y,3+,Y_D15
0,0.440000,0.193600,Y,1,Y_D15
1,-4.560000,20.793600,Y,0,Y_D15
1,-3.560000,12.673600,N,2,N_D15
0,-9.560000,91.393600,N,0,N_D15
0,10.440000,108.993600,N,2,N_D15
0,4.440000,19.713600,N,1,N_D15
1,8.440000,71.233600,N,3+,N_D15
0,-5.560000,30.913600,N,1,N_D15
0,-2.560000,6.553600,N,0,N_D15
0,-7.560000,57.153600,N,0,N_D15
0,-12.560000,157.753600,N,0,N_D15
1,-4.560000,20.793600,N,1,N_D15
0,-8.560000,73.273600,N,1,N_D15
0,-10.560000,111.513600,N,0,N_D15
1,-2.560000,6.553600,N,2,N_D15
1,-5.560000,30.913600,N,1,N_D15
1,-0.560000,0.313600,Y,2,Y_D16
1,-9.560000,91.393600,Y,0,Y_D16
0,-12.560000,157.753600,N,0,N_D16
0,-12.560000,157.753600,N,0,N_D16
1,-10.560000,111.513600,N,0,N_D16
0,-12.560000,157.753600,N,0,N_D16
1,-8.560000,73.273600,N,0,N_D16
1,4.440000,19.713600,N,2,N_D16
1,17.440000,304.153600,N,2,N_D16
1,8.440000,71.233600,N,2,N_D16
0,4.440000,19.713600,N,3+,N_D16
1,-10.560000,111.513600,N,1,N_D16
0,-10.560000,111.513600,N,0,N_D16
0,-13.560000,183.873600,N,0,N_D16
0,0.440000,0.193600,N,1,N_D16
1,10.440000,108.993600,N,3+,N_D16
0,-12.560000,157.753600,N,0,N_D16
0,18.440000,340.033600,N,2,N_D16
1,-10.560000,111.513600,N,0,N_D16
1,-6.560000,43.033600,N,1,N_D16
0,-11.560000,133.633600,N,0,N_D17
0,-12.560000,157.753600,N,0,N_D17
1,-0.560000,0.313600,N,3+,N_D17
1,4.440000,19.713600,N,3+,N_D17
1,5.440000,29.593600,N,3+,N_D17
0,-7.560000,57.153600,N,1,N_D17
0,-5.560000,30.913600,N,1,N_D17
0,15.440000,238.393600,N,3+,N_D17
0,-4.560000,20.793600,N,0,N_D17
0,-12.560000,157.753600,N,0,N_D17
0,-5.560000,30.913600,N,3+,N_D17
0,-2.560000,6.553600,N,2,N_D17
0,-12.560000,157.753600,N,0,N_D17
0,1.440000,2.073600,N,0,N_D17
1,7.440000,55.353600,N,3+,N_D17
0,9.440000,89.113600,N,3+,N_D17
1,-2.560000,6.553600,N,3+,N_D17
0,-2.560000,6.553600,N,3+,N_D17
0,0.440000,0.193600,N,3+,N_D17
1,-0.560000,0.313600,N,2,N_D17
0,-5.560000,30.913600,N,3+,N_D17
1,0.440000,0.193600,N,3+,N_D17
0,11.440000,130.873600,N,3+,N_D17
0,9.440000,89.113600,N,3+,N_D17
0,-1.560000,2.433600,Y,0,Y_D18
1,-5.560000,30.913600,Y,1,Y_D18
0,1.440000,2.073600,Y,2,Y_D18
0,-1.560000,2.433600,Y,2,Y_D18
0,-9.560000,91.393600,Y,0,Y_D18
1,2.440000,5.953600,Y,3+,Y_D18
0,-7.560000,57.153600,Y,0,Y_D18
0,-11.560000,133.633600,Y,0,Y_D18
1,0.440000,0.193600,Y,2,Y_D18
1,15.440000,238.393600,Y,3+,Y_D18
0,-7.560000,57.153600,Y,0,Y_D18
1,-8.560000,73.273600,Y,0,Y_D18
1,-9.560000,91.393600,Y,0,Y_D18
1,8.440000,71.233600,Y,3+,Y_D18
0,-12.560000,157.753600,N,0,N_D18
1,-6.560000,43.033600,N,1,N_D18
0,-10.560000,111.513600,N,0,N_D18
0,-8.560000,73.273600,N,1,N_D18
0,-8.560000,73.273600,N,0,N_D18
1,-13.560000,183.873600,N,0,N_D18
1,-0.560000,0.313600,N,3+,N_D18
0,1.440000,2.073600,N,2,N_D18
0,-13.560000,183.873600,N,0,N_D18
0,-11.560000,133.633600,N,0,N_D18
0,15.440000,238.393600,N,3+,N_D18
1,-5.560000,30.913600,N,3+,N_D18
0,12.440000,154.753600,N,3+,N_D18
0,17.440000,304.153600,N,3+,N_D18
1,-5.560000,30.913600,N,2,N_D18
1,6.440000,41.473600,N,3+,N_D18
0,8.440000,71.233600,N,3+,N_D18
0,17.440000,304.153600,N,2,N_D18
0,-2.560000,6.553600,N,2,N_D18
0,4.440000,19.713600,N,3+,N_D18
0,0.440000,0.193600,N,0,N_D18
1,-13.560000,183.873600,N,1,N_D18
0,-2.560000,6.553600,N,3+,N_D18
0,1.440000,2.073600,N,3+,N_D18
0,17.440000,304.153600,N,0,N_D18
0,-6.560000,43.033600,N,2,N_D18
0,-6.560000,43.033600,N,2,N_D18
0,5.440000,29.593600,N,3+,N_D18
1,-6.560000,43.033600,N,1,N_D18
0,-4.560000,20.793600,N,0,N_D18
0,7.440000,55.353600,N,3+,N_D18
0,16.440000,270.273600,N,3+,N_D18
1,-10.560000,111.513600,N,0,N_D18
0,-2.560000,6.553600,Y,0,Y_D19
1,-11.560000,133.633600,Y,1,Y_D19
1,-1.560000,2.433600,Y,3+,Y_D19
1,-12.560000,157.753600,Y,0,Y_D19
0,18.440000,340.033600,N,1,N_D19
1,2.440000,5.953600,N,3+,N_D19
1,-0.560000,0.313600,N,3+,N_D19
0,-6.560000,43.033600,N,0,N_D19
0,3.440000,11.833600,N,3+,N_D19
0,11.440000,130.873600,N,3+,N_D19
0,14.440000,208.513600,N,1,N_D19
0,5.440000,29.593600,N,1,N_D19
0,-9.560000,91.393600,N,0,N_D19
0,-2.560000,6.553600,N,0,N_D19
0,-6.560000,43.033600,N,1,N_D19
1,0.440000,0.193600,N,0,N_D19
0,-1.560000,2.433600,N,0,N_D19
0,-10.560000,111.513600,N,0,N_D19
1,3.440000,11.833600,N,3+,N_D19
1,3.440000,11.833600,N,1,N_D19
1,2.440000,5.953600,N,3+,N_D19
0,-5.560000,30.913600,N,1,N_D19
0,-5.560000,30.913600,N,3+,N_D19
0,0.440000,0.193600,N,3+,N_D19
1,12.440000,154.753600,N,3+,N_D19
0,5.440000,29.593600,N,3+,N_D19
0,-1.560000,2.433600,N,2,N_D20
0,3.440000,11.833600,N,2,N_D20
1,-12.560000,157.753600,N,0,N_D20
1,-0.560000,0.313600,N,2,N_D20
0,17.440000,304.153600,N,3+,N_D20
1,-12.560000,157.753600,N,0,N_D20
1,-10.560000,111.513600,N,0,N_D20
0,-5.560000,30.913600,N,2,N_D20
0,11.440000,130.873600,N,3+,N_D20
0,-12.560000,157.753600,N,0,N_D20
0,-13.560000,183.873600,N,0,N_D20
0,8.440000,71.233600,N,0,N_D20
0,-13.560000,183.873600,N,0,N_D20
1,12.440000,154.753600,N,3+,N_D20
1,-1.560000,2.433600,N,3+,N_D20
0,18.440000,340.033600,Y,3+,Y_D21
0,19.440000,377.913600,Y,3+,Y_D21
1,-12.560000,157.753600,Y,0,Y_D21
0,-13.560000,183.873600,Y,0,Y_D21
0,-3.560000,12.673600,Y,3+,Y_D21
0,14.440000,208.513600,Y,3+,Y_D21
0,12.440000,154.753600,Y,3+,Y_D21
0,-6.560000,43.033600,Y,1,Y_D21
0,7.440000,55.353600,N,2,N_D21
1,1.440000,2.073600,N,0,N_D21
0,-7.560000,57.153600,N,1,N_D21
1,-1.560000,2.433600,N,2,N_D21
0,-2.560000,6.553600,N,2,N_D21
1,-4.560000,20.793600,N,1,N_D21
1,2.440000,5.953600,N,0,N_D21
1,-0.560000,0.313600,N,1,N_D21
1,-7.560000,57.153600,N,0,N_D21
0,-10.560000,111.513600,N,0,N_D21
0,4.440000,19.713600,N,1,N_D22
1,-5.560000,30.913600,N,2,N_D22
0,19.440000,377.913600,N,0,N_D22
0,-1.560000,2.433600,N,3+,N_D22
0,-10.560000,111.513600,N,0,N_D22
0,-4.560000,20.793600,N,3+,N_D22
0,17.440000,304.153600,N,3+,N_D22
1,-3.560000,12.673600,N,1,N_D22
0,-3.560000,12.673600,N,2,N_D22
0,3.440000,11.833600,N,2,N_D22
0,-8.560000,73.273600,N,1,N_D22
0,-1.560000,2.433600,N,2,N_D22
0,5.440000,29.593600,N,3+,N_D22
0,-11.560000,133.633600,N,0,N_D22
0,17.440000,304.153600,N,3+,N_D22
0,6.440000,41.473600,N,3+,N_D22
0,0.440000,0.193600,N,3+,N_D22
0,0.440000,0.193600,N,3+,N_D22
1,-4.560000,20.793600,N,2,N_D22
1,-1.560000,2.433600,N,1,N_D22
0,-4.560000,20.793600,N,2,N_D23
0,-8.560000,73.273600,N,0,N_D23
1,-1.560000,2.433600,N,2,N_D23
0,-2.560000,6.553600,N,2,N_D23
0,16.440000,270.273600,N,3+,N_D23
0,-1.560000,2.433600,N,3+,N_D23
0,-5.560000,30.913600,N,2,N_D23
0,10.440000,108.993600,N,1,N_D23
1,10.440000,108.993600,N,3+,N_D23
0,-11.560000,133.633600,N,0,N_D23
0,8.440000,71.233600,N,3+,N_D23
1,7.440000,55.353600,N,3+,N_D23
0,-11.560000,133.633600,N,0,N_D23
1,5.440000,29.593600,N,2,N_D23
0,8.440000,71.233600,N,3+,N_D23
0,-8.560000,73.273600,N,0,N_D24
0,-3.560000,12.673600,N,3+,N_D24
0,-6.560000,43.033600,N,1,N_D24
0,17.440000,304.153600,N,3+,N_D24
0,-11.560000,133.633600,N,0,N_D24
0,-10.560000,111.513600,N,0,N_D24
0,5.440000,29.593600,N,3+,N_D24
0,9.440000,89.113600,N,3+,N_D24
0,4.440000,19.713600,N,3+,N_D24
0,6.440000,41.473600,N,0,N_D24
1,6.440000,41.473600,N,3+,N_D24
0,-13.560000,183.873600,N,0,N_D24
0,-4.560000,20.793600,N,1,N_D24
0,15.440000,238.393600,N,3+,N_D24
0,-8.560000,73.273600,Y,0,Y_D25
1,-5.560000,30.913600,Y,2,Y_D25
0,-3.560000,12.673600,Y,0,Y_D25
1,1.440000,2.073600,Y,3+,Y_D25
0,-1.560000,2.433600,Y,0,Y_D25
1,9.440000,89.113600,Y,1,Y_D25
1,8.440000,71.233600,Y,3+,Y_D25
1,-0.560000,0.313600,Y,1,Y_D25
0,-5.560000,30.913600,Y,3+,Y_D25
0,0.440000,0.193600,Y,0,Y_D25
1,-1.560000,2.433600,Y,3+,Y_D25
0,-11.560000,133.633600,Y,0,Y_D25
0,-11.560000,133.633600,Y,0,Y_D25
1,4.440000,19.713600,Y,3+,Y_D25
0,-9.560000,91.393600,Y,0,Y_D25
0,-10.560000,111.513600,Y,0,Y_D25
0,2.440000,5.953600,Y,1,Y_D25
1,-7.560000,57.153600,Y,1,Y_D25
1,18.440000,340.033600,N,3+,N_D25
0,-6.560000,43.033600,N,1,N_D25
0,-2.560000,6.553600,N,3+,N_D25
1,-3.560000,12.673600,N,1,N_D25
1,-8.560000,73.273600,N,1,N_D25
1,6.440000,41.473600,N,2,N_D25
0,-13.560000,183.873600,N,0,N_D25
0,3.440000,11.833600,N,3+,N_D25
0,3.440000,11.833600,N,3+,N_D25
0,1.440000,2.073600,N,3+,N_D25
0,-8.560000,73.273600,N,0,N_D25
1,0.440000,0.193600,N,3+,N_D25
1,4.440000,19.713600,N,3+,N_D25
0,-5.560000,30.913600,N,2,N_D25
1,5.440000,29.593600,N,3+,N_D25
1,-10.560000,111.513600,N,1,N_D25
1,-9.560000,91.393600,N,3+,N_D25
0,4.440000,19.713600,N,3+,N_D25
1,1.440000,2.073600,N,2,N_D25
0,-12.560000,157.753600,N,0,N_D25
0,-6.560000,43.033600,N,2,N_D25
0,-4.560000,20.793600,N,1,N_D25
0,-1.560000,2.433600,N,0,N_D25
1,5.440000,29.593600,N,2,N_D25
1,5.440000,29.593600,N,3+,N_D25
0,2.440000,5.953600,N,2,N_D25
1,10.440000,108.993600,N,3+,N_D25
0,-11.560000,133.633600,N,0,N_D25
1,4.440000,19.713600,N,3+,N_D25
0,7.440000,55.353600,N,3+,N_D25
1,-6.560000,43.033600,N,1,N_D25
1,0.440000,0.193600,N,3+,N_D25
1,-1.560000,2.433600,N,3+,N_D25
0,-5.560000,30.913600,N,1,N_D25
0,-2.560000,6.553600,N,1,N_D25
1,14.440000,208.513600,N,3+,N_D25
0,-5.560000,30.913600,N,0,N_D25
1,-11.560000,133.633600,N,1,N_D25
1,1.440000,2.073600,N,3+,N_D25
0,-0.560000,0.313600,N,2,N_D25
0,18.440000,340.033600,N,3+,N_D25
0,-1.560000,2.433600,N,1,N_D25
0,-11.560000,133.633600,N,0,N_D25
0,-5.560000,30.913600,N,1,N_D25
0,-1.560000,2.433600,N,2,N_D25
1,-2.560000,6.553600,N,3+,N_D25
1,4.440000,19.713600,N,3+,N_D25
0,-12.560000,157.753600,N,0,N_D25
0,5.440000,29.593600,N,3+,N_D25
1,5.440000,29.593600,N,3+,N_D26
0,5.440000,29.593600,N,3+,N_D26
0,3.440000,11.833600,N,3+,N_D26
0,7.440000,55.353600,N,3+,N_D26
0,-8.560000,73.273600,N,1,N_D26
0,-9.560000,91.393600,N,1,N_D26
0,-9.560000,91.393600,N,0,N_D26
1,7.440000,55.353600,N,2,N_D26
0,-5.560000,30.913600,N,1,N_D26
1,-2.560000,6.553600,N,1,N_D26
0,15.440000,238.393600,N,2,N_D26
1,7.440000,55.353600,N,2,N_D26
1,-2.560000,6.553600,N,2,N_D26
0,1.440000,2.073600,Y,3+,Y_D27
0,-2.560000,6.553600,Y,0,Y_D27
0,4.440000,19.713600,Y,3+,Y_D27
1,-9.560000,91.393600,Y,0,Y_D27
1,14.440000,208.513600,Y,3+,Y_D27
0,-6.560000,43.033600,N,1,N_D27
0,-12.560000,157.753600,N,0,N_D27
0,15.440000,238.393600,N,3+,N_D27
0,10.440000,108.993600,N,3+,N_D27
0,2.440000,5.953600,N,1,N_D27
0,14.440000,208.513600,N,3+,N_D27
0,19.440000,377.913600,N,3+,N_D27
0,6.440000,41.473600,N,2,N_D27
0,10.440000,108.993600,N,3+,N_D27
1,-5.560000,30.913600,N,0,N_D27
0,19.440000,377.913600,N,3+,N_D27
0,0.440000,0.193600,N,0,N_D27
0,-12.560000,157.753600,N,0,N_D27
0,-12.560000,157.753600,N,0,N_D27
0,-7.560000,57.153600,N,0,N_D27
0,-1.560000,2.433600,N,0,N_D27
1,9.440000,89.113600,N,2,N_D27
1,14.440000,208.513600,N,3+,N_D27
0,-4.560000,20.793600,N,1,N_D27
0,-10.560000,111.513600,N,0,N_D27
0,-5.560000,30.913600,N,2,N_D27
0,17.440000,304.153600,N,3+,N_D27
1,-5.560000,30.913600,N,0,N_D27
1,2.440000,5.953600,N,3+,N_D27
0,-13.560000,183.873600,N,0,N_D27
0,-12.560000,157.753600,N,0,N_D27
1,-0.560000,0.313600,N,2,N_D27
0,8.440000,71.233600,N,3+,N_D27
0,-2.560000,6.553600,N,1,N_D27
0,-11.560000,133.633600,N,0,N_D27
0,-5.560000,30.913600,N,1,N_D27
0,4.440000,19.713600,N,1,N_D27
0,-9.560000,91.393600,N,0,N_D27
0,14.440000,208.513600,N,3+,N_D27
0,9.440000,89.113600,N,3+,N_D27
0,11.440000,130.873600,N,3+,N_D27
0,18.440000,340.033600,N,3+,N_D27
0,11.440000,130.873600,N,3+,N_D27
0,6.440000,41.473600,N,3+,N_D27
0,10.440000,108.993600,Y,3+,Y_D28
0,-1.560000,2.433600,Y,3+,Y_D28
0,9.440000,89.113600,Y,3+,Y_D28
1,4.440000,19.713600,Y,3+,Y_D28
1,-9.560000,91.393600,N,1,N_D28
1,-2.560000,6.553600,N,2,N_D28
0,-1.560000,2.433600,N,1,N_D28
0,18.440000,340.033600,N,3+,N_D28
1,9.440000,89.113600,N,3+,N_D28
0,18.440000,340.033600,N,3+,N_D28
1,10.440000,108.993600,N,3+,N_D28
1,-1.560000,2.433600,N,3+,N_D28
0,9.440000,89.113600,N,3+,N_D28
1,9.440000,89.113600,N,3+,N_D28
0,19.440000,377.913600,N,3+,N_D28
0,-7.560000,57.153600,N,0,N_D28
1,-13.560000,183.873600,N,0,N_D28
0,18.440000,340.033600,N,3+,N_D28
0,-12.560000,157.753600,N,0,N_D28
0,-0.560000,0.313600,N,2,N_D28
1,11.440000,130.873600,N,3+,N_D28
0,-12.560000,157.753600,N,0,N_D28
0,-13.560000,183.873600,N,0,N_D28
0,-9.560000,91.393600,N,0,N_D28
0,-11.560000,133.633600,N,0,N_D28
1,5.440000,29.593600,N,3+,N_D28
0,-7.560000,57.153600,N,1,N_D28
0,-7.560000,57.153600,N,0,N_D28
0,16.440000,270.273600,N,3+,N_D28
1,1.440000,2.073600,N,3+,N_D28
1,-2.560000,6.553600,N,2,N_D28
0,1.440000,2.073600,N,3+,N_D28
0,18.440000,340.033600,N,3+,N_D28
0,-2.560000,6.553600,N,1,N_D28
0,3.440000,11.833600,N,3+,N_D28
0,19.440000,377.913600,N,3+,N_D28
0,-9.560000,91.393600,N,1,N_D28
0,-6.560000,43.033600,N,1,N_D28
0,-2.560000,6.553600,N,2,N_D28
0,-7.560000,57.153600,N,0,N_D28
0,-10.560000,111.513600,N,0,N_D28
0,8.440000,71.233600,N,2,N_D28
0,6.440000,41.473600,N,3+,N_D28
0,10.440000,108.993600,N,3+,N_D28
0,-9.560000,91.393600,N,2,N_D28
0,-12.560000,157.753600,N,0,N_D28
0,8.440000,71.233600,N,3+,N_D28
0,0.440000,0.193600,N,1,N_D28
0,-0.560000,0.313600,N,1,N_D28
0,9.440000,89.113600,Y,3+,Y_D29
0,-5.560000,30.913600,Y,0,Y_D29
1,12.440000,154.753600,Y,3+,Y_D29
1,7.440000,55.353600,Y,3+,Y_D29
0,-0.560000,0.313600,Y,0,Y_D29
1,0.440000,0.193600,Y,2,Y_D29
1,10.440000,108.993600,Y,0,Y_D29
0,-8.560000,73.273600,N,0,N_D29
0,-13.560000,183.873600,N,0,N_D29
0,-10.560000,111.513600,N,0,N_D29
0,-7.560000,57.153600,N,0,N_D29
0,-1.560000,2.433600,N,3+,N_D29
0,-0.560000,0.313600,N,2,N_D29
0,11.440000,130.873600,N,3+,N_D29
0,4.440000,19.713600,N,0,N_D29
0,10.440000,108.993600,N,3+,N_D29
0,-4.560000,20.793600,N,0,N_D29
0,-9.560000,91.393600,N,0,N_D29
1,-12.560000,157.753600,N,0,N_D29
0,-9.560000,91.393600,N,0,N_D29
1,8.440000,71.233600,N,3+,N_D29
0,19.440000,377.913600,N,3+,N_D29
0,18.440000,340.033600,N,2,N_D29
0,-9.560000,91.393600,N,0,N_D29
0,-7.560000,57.153600,N,0,N_D29
1,2.440000,5.953600,N,3+,N_D29
0,-11.560000,133.633600,N,0,N_D29
1,-8.560000,73.273600,N,1,N_D29
0,-5.560000,30.913600,N,1,N_D29
0,-9.560000,91.393600,N,1,N_D29
0,-5.560000,30.913600,N,2,N_D29
1,0.440000,0.193600,N,3+,N_D29
1,-0.560000,0.313600,Y,1,Y_D30
1,5.440000,29.593600,Y,2,Y_D30
1,-0.560000,0.313600,Y,1,Y_D30
1,5.440000,29.593600,Y,3+,Y_D30
1,8.440000,71.233600,Y,3+,Y_D30
0,-6.560000,43.033600,Y,1,Y_D30
0,-3.560000,12.673600,Y,2,Y_D30
1,19.440000,377.913600,Y,3+,Y_D30
1,0.440000,0.193600,Y,2,Y_D30
1,19.440000,377.913600,Y,3+,Y_D30
0,-8.560000,73.273600,Y,0,Y_D30
1,-2.560000,6.553600,Y,1,Y_D30
1,-8.560000,73.273600,Y,1,Y_D30
1,-2.560000,6.553600,Y,1,Y_D30
0,-10.560000,111.513600,Y,0,Y_D30
1,5.440000,29.593600,Y,1,Y_D30
1,11.440000,130.873600,N,3+,N_D30
0,4.440000,19.713600,N,0,N_D30
1,-4.560000,20.793600,N,1,N_D30
0,3.440000,11.833600,N,0,N_D30
0,-9.560000,91.393600,N,0,N_D30
1,6.440000,41.473600,N,3+,N_D30
0,-11.560000,133.633600,N,0,N_D30
1,8.440000,71.233600,N,3+,N_D30
1,-6.560000,43.033600,N,3+,N_D30
1,9.440000,89.113600,N,3+,N_D30
0,-13.560000,183.873600,N,0,N_D30
1,-10.560000,111.513600,N,0,N_D30
0,-7.560000,57.153600,N,1,N_D30
0,6.440000,41.473600,N,3+,N_D30
1,-1.560000,2.433600,N,1,N_D30
0,15.440000,238.393600,N,3+,N_D30
0,-6.560000,43.033600,N,0,N_D30
1,-4.560000,20.793600,N,1,N_D30
0,-11.560000,133.633600,N,0,N_D30
1,-4.560000,20.793600,N,1,N_D30
1,9.440000,89.113600,N,3+,N_D30
0,-11.560000,133.633600,N,0,N_D30
0,-8.560000,73.273600,N,1,N_D30
1,17.440000,304.153600,N,3+,N_D30
0,-6.560000,43.033600,N,1,N_D30
0,-0.560000,0.313600,N,1,N_D30
1,7.440000,55.353600,N,3+,N_D30
1,2.440000,5.953600,N,3+,N_D30
1,7.440000,55.353600,N,3+,N_D30
1,8.440000,71.233600,N,1,N_D30
0,-9.560000,91.393600,N,0,N_D30
0,8.440000,71.233600,N,3+,N_D30
0,-11.560000,133.633600,N,0,N_D30
0,12.440000,154.753600,N,0,N_D30
0,0.440000,0.193600,N,2,N_D30
0,-10.560000,111.513600,N,0,N_D30
1,2.440000,5.953600,N,1,N_D30
0,-9.560000,91.393600,N,0,N_D30
0,0.440000,0.193600,N,2,N_D30
0,-10.560000,111.513600,N,0,N_D30
0,-10.560000,111.513600,N,0,N_D30
0,9.440000,89.113600,N,3+,N_D30
0,17.440000,304.153600,N,3+,N_D30
1,-0.560000,0.313600,N,2,N_D30
0,-8.560000,73.273600,N,1,N_D30
0,15.440000,238.393600,Y,3+,Y_D31
1,-6.560000,43.033600,Y,0,Y_D31
1,0.440000,0.193600,Y,3+,Y_D31
1,2.440000,5.953600,Y,3+,Y_D31
0,16.440000,270.273600,Y,3+,Y_D31
0,-11.560000,133.633600,Y,0,Y_D31
0,17.440000,304.153600,N,3+,N_D31
1,18.440000,340.033600,N,3+,N_D31
1,14.440000,208.513600,N,3+,N_D31
1,-7.560000,57.153600,N,2,N_D31
0,17.440000,304.153600,N,1,N_D31
1,-0.560000,0.313600,N,1,N_D31
0,-9.560000,91.393600,N,0,N_D31
0,-9.560000,91.393600,N,0,N_D31
1,2.440000,5.953600,N,3+,N_D31
0,-2.560000,6.553600,N,1,N_D31
1,3.440000,11.833600,N,3+,N_D31
0,0.440000,0.193600,N,3+,N_D31
0,-13.560000,183.873600,N,0,N_D31
0,-11.560000,133.633600,N,0,N_D31
0,10.440000,108.993600,N,3+,N_D31
0,14.440000,208.513600,N,3+,N_D31
1,-0.560000,0.313600,N,2,N_D31
0,8.440000,71.233600,N,3+,N_D31
0,-10.560000,111.513600,N,0,N_D31
1,-7.560000,57.153600,N,1,N_D31
1,6.440000,41.473600,N,3+,N_D31
1,-0.560000,0.313600,N,1,N_D31
0,18.440000,340.033600,N,3+,N_D31
1,-10.560000,111.513600,N,0,N_D31
1,-9.560000,91.393600,N,1,N_D31
0,0.440000,0.193600,N,3+,N_D31
0,-11.560000,133.633600,N,0,N_D31
1,10.440000,108.993600,N,3+,N_D32
0,-2.560000,6.553600,N,0,N_D32
0,0.440000,0.193600,N,3+,N_D32
0,-2.560000,6.553600,N,2,N_D32
0,-3.560000,12.673600,N,2,N_D32
0,13.440000,180.633600,N,3+,N_D32
1,-3.560000,12.673600,N,3+,N_D32
0,12.440000,154.753600,N,3+,N_D32
0,1.440000,2.073600,N,3+,N_D32
0,-9.560000,91.393600,N,0,N_D32
1,-2.560000,6.553600,N,3+,N_D32
0,1.440000,2.073600,N,3+,N_D32
1,-2.560000,6.553600,N,3+,N_D32
0,8.440000,71.233600,N,3+,N_D32
1,-11.560000,133.633600,N,0,N_D32
0,-11.560000,133.633600,N,1,N_D32
0,-0.560000,0.313600,N,3+,N_D32
0,-11.560000,133.633600,N,0,N_D32
0,4.440000,19.713600,N,2,N_D32
0,1.440000,2.073600,N,3+,N_D32
0,5.440000,29.593600,N,3+,N_D32
0,2.440000,5.953600,N,3+,N_D32
0,-9.560000,91.393600,N,1,N_D32
0,4.440000,19.713600,N,3+,N_D32
0,4.440000,19.713600,Y,2,Y_D33
1,1.440000,2.073600,Y,3+,Y_D33
1,2.440000,5.953600,Y,3+,Y_D33
1,-1.560000,2.433600,Y,1,Y_D33
0,-7.560000,57.153600,Y,1,Y_D33
1,5.440000,29.593600,Y,3+,Y_D33
1,6.440000,41.473600,Y,3+,Y_D33
0,-10.560000,111.513600,N,1,N_D33
1,0.440000,0.193600,N,3+,N_D33
0,19.440000,377.913600,N,2,N_D33
0,-2.560000,6.553600,N,2,N_D33
0,-4.560000,20.793600,N,1,N_D33
0,18.440000,340.033600,N,3+,N_D33
0,6.440000,41.473600,N,2,N_D33
1,13.440000,180.633600,Y,2,Y_D34
0,8.440000,71.233600,Y,3+,Y_D34
1,-9.560000,91.393600,Y,0,Y_D34
0,4.440000,19.713600,Y,0,Y_D34
0,10.440000,108.993600,Y,3+,Y_D34
1,-1.560000,2.433600,Y,0,Y_D34
0,10.440000,108.993600,Y,2,Y_D34
0,11.440000,130.873600,Y,3+,Y_D34
0,-2.560000,6.553600,Y,3+,Y_D34
1,-11.560000,133.633600,N,0,N_D34
1,3.440000,11.833600,N,1,N_D34
1,4.440000,19.713600,N,2,N_D34
1,-3.560000,12.673600,N,3+,N_D34
1,-8.560000,73.273600,N,0,N_D34
0,8.440000,71.233600,N,2,N_D34
1,8.440000,71.233600,N,3+,N_D34
1,4.440000,19.713600,N,3+,N_D34
1,-3.560000,12.673600,N,2,N_D34
1,8.440000,71.233600,N,3+,N_D34
0,-3.560000,12.673600,N,2,N_D34
0,-9.560000,91.393600,N,1,N_D34
1,-2.560000,6.553600,N,3+,N_D34
1,2.440000,5.953600,N,3+,N_D34
1,0.440000,0.193600,N,2,N_D34
0,4.440000,19.713600,N,1,N_D34
1,-7.560000,57.153600,N,2,N_D34
1,11.440000,130.873600,N,3+,N_D34
0,-12.560000,157.753600,N,0,N_D34
0,9.440000,89.113600,N,3+,N_D34
1,-2.560000,6.553600,N,1,N_D34
1,-2.560000,6.553600,N,3+,N_D34
1,13.440000,180.633600,N,2,N_D34
1,11.440000,130.873600,N,3+,N_D34
1,0.440000,0.193600,N,2,N_D34
1,12.440000,154.753600,N,3+,N_D34
1,0.440000,0.193600,Y,0,Y_D35
0,-10.560000,111.513600,Y,1,Y_D35
0,-6.560000,43.033600,Y,0,Y_D35
1,-12.560000,157.753600,Y,1,Y_D35
0,-11.560000,133.633600,Y,0,Y_D35
0,-9.560000,91.393600,Y,1,Y_D35
0,-10.560000,111.513600,Y,2,Y_D35
0,6.440000,41.473600,Y,2,Y_D35
1,-6.560000,43.033600,Y,0,Y_D35
1,-5.560000,30.913600,Y,3+,Y_D35
1,-0.560000,0.313600,Y,3+,Y_D35
0,17.440000,304.153600,Y,3+,Y_D35
1,-0.560000,0.313600,Y,1,Y_D35
1,-0.560000,0.313600,Y,1,Y_D35
1,2.440000,5.953600,Y,0,Y_D35
0,6.440000,41.473600,Y,1,Y_D35
1,-6.560000,43.033600,Y,2,Y_D35
1,9.440000,89.113600,Y,2,Y_D35
1,4.440000,19.713600,Y,3+,Y_D35
0,-13.560000,183.873600,Y,0,Y_D35
0,5.440000,29.593600,N,3+,N_D35
0,-7.560000,57.153600,N,2,N_D35
0,3.440000,11.833600,N,3+,N_D35
0,-6.560000,43.033600,N,2,N_D35
0,-13.560000,183.873600,N,1,N_D35
0,-0.560000,0.313600,N,3+,N_D35
0,6.440000,41.473600,N,3+,N_D35
1,18.440000,340.033600,N,3+,N_D35
1,3.440000,11.833600,N,3+,N_D35
1,-7.560000,57.153600,N,0,N_D35
1,-2.560000,6.553600,N,3+,N_D35
1,-2.560000,6.553600,N,1,N_D35
1,-8.560000,73.273600,N,3+,N_D35
1,-0.560000,0.313600,N,2,N_D35
0,4.440000,19.713600,N,2,N_D35
1,1.440000,2.073600,N,3+,N_D35
1,12.440000,154.753600,N,2,N_D35
0,-6.560000,43.033600,N,1,N_D35
1,10.440000,108.993600,N,2,N_D35
0,-11.560000,133.633600,N,0,N_D35
1,-6.560000,43.033600,N,2,N_D35
0,5.440000,29.593600,N,3+,N_D35
1,10.440000,108.993600,N,3+,N_D35
0,2.440000,5.953600,N,3+,N_D35
1,14.440000,208.513600,N,3+,N_D35
0,-9.560000,91.393600,N,1,N_D35
0,16.440000,270.273600,N,3+,N_D35
0,16.440000,270.273600,N,0,N_D35
0,12.440000,154.753600,Y,3+,Y_D36
1,-4.560000,20.793600,Y,2,Y_D36
0,-10.560000,111.513600,Y,0,Y_D36
0,-8.560000,73.273600,N,0,N_D36
0,-0.560000,0.313600,N,2,N_D36
1,-2.560000,6.553600,N,2,N_D36
1,-3.560000,12.673600,N,2,N_D36
0,5.440000,29.593600,N,1,N_D36
0,19.440000,377.913600,N,3+,N_D36
0,1.440000,2.073600,N,3+,N_D36
1,3.440000,11.833600,N,3+,N_D36
0,1.440000,2.073600,N,3+,N_D36
0,2.440000,5.953600,N,3+,N_D36
0,-9.560000,91.393600,N,1,N_D36
0,-7.560000,57.153600,N,1,N_D36
1,4.440000,19.713600,N,1,N_D36
1,-5.560000,30.913600,N,1,N_D36
1,1.440000,2.073600,N,1,N_D37
0,5.440000,29.593600,N,3+,N_D37
1,-4.560000,20.793600,N,2,N_D37
1,18.440000,340.033600,N,3+,N_D37
1,-2.560000,6.553600,N,2,N_D37
1,-3.560000,12.673600,N,2,N_D37
1,-9.560000,91.393600,N,0,N_D37
1,9.440000,89.113600,N,3+,N_D37
0,-6.560000,43.033600,N,1,N_D37
0,-13.560000,183.873600,N,0,N_D37
0,3.440000,11.833600,N,3+,N_D37
0,16.440000,270.273600,N,3+,N_D37
0,10.440000,108.993600,N,3+,N_D37
1,8.440000,71.233600,Y,3+,Y_D38
0,15.440000,238.393600,Y,3+,Y_D38
1,-1.560000,2.433600,Y,3+,Y_D38
1,15.440000,238.393600,Y,3+,Y_D38
1,9.440000,89.113600,Y,3+,Y_D38
0,-6.560000,43.033600,Y,0,Y_D38
0,19.440000,377.913600,Y,1,Y_D38
0,19.440000,377.913600,N,3+,N_D38
0,0.440000,0.193600,N,3+,N_D38
0,-12.560000,157.753600,N,0,N_D38
0,16.440000,270.273600,N,3+,N_D38
0,17.440000,304.153600,N,3+,N_D38
0,16.440000,270.273600,N,3+,N_D38
0,-9.560000,91.393600,N,0,N_D38
0,4.440000,19.713600,Y,3+,Y_D39
1,-10.560000,111.513600,Y,1,Y_D39
0,8.440000,71.233600,N,3+,N_D39
0,14.440000,208.513600,N,3+,N_D39
1,-1.560000,2.433600,N,0,N_D39
1,-10.560000,111.513600,N,0,N_D39
1,-1.560000,2.433600,N,2,N_D39
1,-7.560000,57.153600,N,0,N_D39
1,-0.560000,0.313600,N,1,N_D39
1,-1.560000,2.433600,N,2,N_D39
0,-6.560000,43.033600,N,0,N_D39
1,10.440000,108.993600,N,3+,N_D39
0,5.440000,29.593600,N,3+,N_D39
0,-4.560000,20.793600,N,0,N_D39
0,-11.560000,133.633600,N,0,N_D39
1,-10.560000,111.513600,N,0,N_D39
0,13.440000,180.633600,N,3+,N_D39
0,8.440000,71.233600,N,3+,N_D39
1,12.440000,154.753600,N,2,N_D39
0,-13.560000,183.873600,N,0,N_D39
0,-7.560000,57.153600,N,3+,N_D39
1,-8.560000,73.273600,N,3+,N_D39
0,-7.560000,57.153600,N,0,N_D39
0,19.440000,377.913600,N,3+,N_D39
1,3.440000,11.833600,N,0,N_D39
1,7.440000,55.353600,N,3+,N_D39
0,2.440000,5.953600,Y,2,Y_D40
0,2.440000,5.953600,Y,3+,Y_D40
0,1.440000,2.073600,Y,3+,Y_D40
0,-12.560000,157.753600,Y,0,Y_D40
1,-4.560000,20.793600,Y,0,Y_D40
1,-3.560000,12.673600,Y,0,Y_D40
0,-10.560000,111.513600,Y,0,Y_D40
1,10.440000,108.993600,Y,3+,Y_D40
0,-7.560000,57.153600,Y,0,Y_D40
1,3.440000,11.833600,Y,3+,Y_D40
1,-3.560000,12.673600,Y,1,Y_D40
0,-9.560000,91.393600,Y,0,Y_D40
1,0.440000,0.193600,Y,0,Y_D40
1,5.440000,29.593600,Y,2,Y_D40
1,1.440000,2.073600,Y,3+,Y_D40
0,10.440000,108.993600,Y,3+,Y_D40
0,11.440000,130.873600,Y,3+,Y_D40
1,-8.560000,73.273600,Y,0,Y_D40
1,4.440000,19.713600,Y,3+,Y_D40
0,5.440000,29.593600,Y,0,Y_D40
1,-1.560000,2.433600,Y,1,Y_D40
1,12.440000,154.753600,Y,0,Y_D40
0,-8.560000,73.273600,Y,1,Y_D40
0,4.440000,19.713600,Y,0,Y_D40
0,-11.560000,133.633600,Y,0,Y_D40
1,-1.560000,2.433600,Y,2,Y_D40
0,11.440000,130.873600,Y,1,Y_D40
0,15.440000,238.393600,Y,3+,Y_D40
1,-5.560000,30.913600,Y,1,Y_D40
0,4.440000,19.713600,N,3+,N_D40
1,5.440000,29.593600,N,3+,N_D40
1,0.440000,0.193600,N,3+,N_D40
0,19.440000,377.913600,N,3+,N_D40
1,0.440000,0.193600,N,3+,N_D40
0,-4.560000,20.793600,N,0,N_D40
0,13.440000,180.633600,N,3+,N_D40
0,14.440000,208.513600,N,3+,N_D40
1,17.440000,304.153600,N,3+,N_D40
1,-10.560000,111.513600,N,0,N_D40
0,-4.560000,20.793600,N,3+,N_D40
0,12.440000,154.753600,N,3+,N_D40
0,6.440000,41.473600,Y,3+,Y_D41
0,6.440000,41.473600,Y,3+,Y_D41
0,6.440000,41.473600,Y,0,Y_D41
0,1.440000,2.073600,N,1,N_D41
1,13.440000,180.633600,N,3+,N_D41
1,10.440000,108.993600,N,3+,N_D41
1,-4.560000,20.793600,N,2,N_D41
1,-8.560000,73.273600,N,0,N_D41
1,0.440000,0.193600,N,3+,N_D41
0,2.440000,5.953600,N,3+,N_D41
0,-0.560000,0.313600,N,3+,N_D41
1,7.440000,55.353600,N,3+,N_D41
0,12.440000,154.753600,N,3+,N_D41
0,-7.560000,57.153600,N,2,N_D41
1,-1.560000,2.433600,N,1,N_D41
0,11.440000,130.873600,N,1,N_D41
1,-2.560000,6.553600,N,2,N_D41
1,-3.560000,12.673600,N,0,N_D41
0,-12.560000,157.753600,N,0,N_D41
1,-0.560000,0.313600,N,2,N_D41
0,-5.560000,30.913600,N,1,N_D41
0,-1.560000,2.433600,N,2,N_D41
1,5.440000,29.593600,N,1,N_D41
0,-6.560000,43.033600,N,1,N_D41
1,8.440000,71.233600,N,3+,N_D41
1,-9.560000,91.393600,N,1,N_D41
0,-7.560000,57.153600,Y,1,Y_D42
1,-2.560000,6.553600,Y,1,Y_D42
0,-13.560000,183.873600,Y,0,Y_D42
0,0.440000,0.193600,Y,1,Y_D42
0,-0.560000,0.313600,Y,1,Y_D42
0,-10.560000,111.513600,N,0,N_D42
1,9.440000,89.113600,N,2,N_D42
1,11.440000,130.873600,N,3+,N_D42
1,1.440000,2.073600,N,1,N_D42
1,16.440000,270.273600,N,3+,N_D42
1,-1.560000,2.433600,N,1,N_D42
0,1.440000,2.073600,Y,0,Y_D43
1,-6.560000,43.033600,Y,0,Y_D43
1,-0.560000,0.313600,Y,1,Y_D43
0,3.440000,11.833600,Y,2,Y_D43
0,0.440000,0.193600,Y,3+,Y_D43
1,5.440000,29.593600,Y,2,Y_D43
0,6.440000,41.473600,Y,0,Y_D43
1,2.440000,5.953600,Y,2,Y_D43
1,-2.560000,6.553600,Y,2,Y_D43
0,-0.560000,0.313600,Y,1,Y_D43
1,-11.560000,133.633600,Y,0,Y_D43
0,17.440000,304.153600,Y,3+,Y_D43
1,2.440000,5.953600,Y,1,Y_D43
0,-8.560000,73.273600,Y,2,Y_D43
1,-0.560000,0.313600,Y,1,Y_D43
1,11.440000,130.873600,Y,3+,Y_D43
1,-12.560000,157.753600,Y,0,Y_D43
1,0.440000,0.193600,N,1,N_D43
1,-3.560000,12.673600,N,1,N_D43
0,0.440000,0.193600,N,0,N_D43
0,-13.560000,183.873600,N,0,N_D43
1,-5.560000,30.913600,N,1,N_D43
0,-2.560000,6.553600,N,2,N_D43
1,-9.560000,91.393600,N,0,N_D43
1,-10.560000,111.513600,N,1,N_D43
0,-12.560000,157.753600,N,0,N_D43
1,12.440000,154.753600,N,3+,N_D43
0,-8.560000,73.273600,N,1,N_D43
0,-10.560000,111.513600,N,0,N_D43
1,-5.560000,30.913600,N,3+,N_D43
1,6.440000,41.473600,N,3+,N_D43
0,18.440000,340.033600,N,3+,N_D43
0,13.440000,180.633600,N,3+,N_D43
0,-1.560000,2.433600,N,0,N_D43
1,-10.560000,111.513600,N,0,N_D43
0,-13.560000,183.873600,N,0,N_D43
0,-13.560000,183.873600,N,0,N_D43
1,12.440000,154.753600,N,3+,N_D43
1,-4.560000,20.793600,N,2,N_D43
1,-6.560000,43.033600,N,2,N_D43
0,0.440000,0.193600,N,1,N_D43
1,17.440000,304.153600,N,3+,N_D43
0,-11.560000,133.633600,N,0,N_D43
1,10.440000,108.993600,N,3+,N_D43
0,-0.560000,0.313600,N,0,N_D43
0,-7.560000,57.153600,N,0,N_D44
0,13.440000,180.633600,N,3+,N_D44
1,16.440000,270.273600,N,3+,N_D44
0,0.440000,0.193600,N,3+,N_D44
0,5.440000,29.593600,N,3+,N_D44
0,2.440000,5.953600,N,3+,N_D44
0,-0.560000,0.313600,N,0,N_D44
0,7.440000,55.353600,N,3+,N_D44
1,1.440000,2.073600,N,2,N_D44
0,-3.560000,12.673600,N,0,N_D44
0,13.440000,180.633600,N,3+,N_D44
0,-13.560000,183.873600,N,0,N_D44
1,-1.560000,2.433600,N,1,N_D44
0,-0.560000,0.313600,N,0,N_D44
1,1.440000,2.073600,N,2,N_D44
0,1.440000,2.073600,N,3+,N_D44
0,-10.560000,111.513600,N,0,N_D44
0,-6.560000,43.033600,N,1,N_D44
0,-4.560000,20.793600,N,1,N_D44
0,18.440000,340.033600,N,0,N_D44
1,16.440000,270.273600,N,2,N_D44
0,7.440000,55.353600,N,2,N_D44
0,-10.560000,111.513600,N,0,N_D44
0,-2.560000,6.553600,N,2,N_D44
0,-4.560000,20.793600,N,1,N_D44
1,-3.560000,12.673600,N,2,N_D44
0,-5.560000,30.913600,N,3+,N_D44
1,10.440000,108.993600,Y,1,Y_D45
0,-7.560000,57.153600,Y,0,Y_D45
1,-6.560000,43.033600,Y,2,Y_D45
1,-2.560000,6.553600,Y,2,Y_D45
1,-9.560000,91.393600,Y,1,Y_D45
1,-10.560000,111.513600,N,1,N_D45
0,11.440000,130.873600,N,3+,N_D45
0,-10.560000,111.513600,N,1,N_D45
0,1.440000,2.073600,N,3+,N_D45
0,10.440000,108.993600,N,0,N_D45
0,0.440000,0.193600,N,2,N_D45
0,-3.560000,12.673600,N,2,N_D45
0,19.440000,377.913600,N,2,N_D45
0,17.440000,304.153600,N,3+,N_D45
0,-8.560000,73.273600,N,2,N_D45
0,-6.560000,43.033600,N,1,N_D45
1,4.440000,19.713600,N,1,N_D45
1,1.440000,2.073600,N,1,N_D45
0,-9.560000,91.393600,N,0,N_D45
0,-6.560000,43.033600,N,1,N_D45
0,4.440000,19.713600,N,2,N_D45
1,-0.560000,0.313600,N,3+,N_D45
0,-6.560000,43.033600,N,1,N_D45
0,-13.560000,183.873600,N,0,N_D45
0,-8.560000,73.273600,N,2,N_D45
0,-6.560000,43.033600,N,1,N_D45
1,-0.560000,0.313600,N,3+,N_D45
1,-2.560000,6.553600,N,3+,N_D45
0,-11.560000,133.633600,N,2,N_D45
1,10.440000,108.993600,N,3+,N_D45
0,-4.560000,20.793600,N,1,N_D45
0,-4.560000,20.793600,N,2,N_D45
1,-1.560000,2.433600,N,3+,N_D45
0,-1.560000,2.433600,N,0,N_D45
0,-12.560000,157.753600,N,0,N_D45
1,-10.560000,111.513600,N,1,N_D45
0,1.440000,2.073600,N,3+,N_D45
0,5.440000,29.593600,N,3+,N_D45
0,-12.560000,157.753600,N,0,N_D45
1,13.440000,180.633600,Y,3+,Y_D46
1,7.440000,55.353600,Y,3+,Y_D46
1,7.440000,55.353600,Y,1,Y_D46
1,-1.560000,2.433600,Y,1,Y_D46
1,-8.560000,73.273600,Y,1,Y_D46
0,-8.560000,73.273600,Y,0,Y_D46
1,-0.560000,0.313600,Y,3+,Y_D46
0,0.440000,0.193600,Y,2,Y_D46
0,-10.560000,111.513600,Y,0,Y_D46
1,7.440000,55.353600,Y,3+,Y_D46
0,3.440000,11.833600,Y,2,Y_D46
1,0.440000,0.193600,Y,1,Y_D46
0,8.440000,71.233600,N,3+,N_D46
1,0.440000,0.193600,N,2,N_D46
1,-11.560000,133.633600,N,1,N_D46
0,-9.560000,91.393600,N,2,N_D46
1,-3.560000,12.673600,N,2,N_D46
0,10.440000,108.993600,N,3+,N_D46
1,-1.560000,2.433600,N,2,N_D46
0,15.440000,238.393600,N,3+,N_D46
1,0.440000,0.193600,N,2,N_D46
1,-10.560000,111.513600,N,0,N_D46
0,-5.560000,30.913600,N,3+,N_D46
1,-3.560000,12.673600,N,2,N_D46
0,-11.560000,133.633600,N,0,N_D46
1,4.440000,19.713600,N,3+,N_D46
1,-2.560000,6.553600,N,1,N_D46
0,-6.560000,43.033600,N,1,N_D46
1,7.440000,55.353600,N,3+,N_D46
0,0.440000,0.193600,N,0,N_D46
0,2.440000,5.953600,N,3+,N_D46
1,-2.560000,6.553600,N,3+,N_D46
0,-4.560000,20.793600,N,0,N_D46
0,-5.560000,30.913600,N,1,N_D46
0,9.440000,89.113600,N,3+,N_D46
1,-10.560000,111.513600,N,1,N_D46
0,-11.560000,133.633600,N,0,N_D46
0,3.440000,11.833600,N,2,N_D46
1,-2.560000,6.553600,N,3+,N_D46
1,6.440000,41.473600,N,3+,N_D46
0,-4.560000,20.793600,N,0,N_D46
1,-2.560000,6.553600,N,2,N_D46
0,16.440000,270.273600,N,3+,N_D46
1,-7.560000,57.153600,N,0,N_D46
0,16.440000,270.273600,N,3+,N_D46
1,-5.560000,30.913600,N,0,N_D46
1,-12.560000,157.753600,N,0,N_D46
1,2.440000,5.953600,N,2,N_D46
1,-5.560000,30.913600,N,3+,N_D46
1,-0.560000,0.313600,N,3+,N_D46
0,-2.560000,6.553600,N,1,N_D46
1,7.440000,55.353600,N,3+,N_D46
1,-12.560000,157.753600,N,0,N_D46
1,2.440000,5.953600,N,3+,N_D46
0,15.440000,238.393600,N,3+,N_D46
1,-7.560000,57.153600,N,0,N_D46
0,8.440000,71.233600,N,3+,N_D46
1,6.440000,41.473600,N,3+,N_D46
1,-2.560000,6.553600,N,1,N_D46
1,1.440000,2.073600,N,3+,N_D46
1,-6.560000,43.033600,N,1,N_D46
1,-3.560000,12.673600,N,2,N_D46
0,17.440000,304.153600,N,3+,N_D46
1,-0.560000,0.313600,N,2,N_D46
0,5.440000,29.593600,N,2,N_D46
0,-11.560000,133.633600,N,0,N_D46
0,-3.560000,12.673600,N,3+,N_D46
1,-12.560000,157.753600,N,0,N_D46
1,17.440000,304.153600,N,2,N_D46
1,13.440000,180.633600,N,1,N_D46
0,-9.560000,91.393600,N,0,N_D46
1,6.440000,41.473600,N,3+,N_D46
0,-7.560000,57.153600,N,0,N_D46
0,-9.560000,91.393600,N,0,N_D46
0,18.440000,340.033600,N,3+,N_D46
0,3.440000,11.833600,N,3+,N_D46
0,-12.560000,157.753600,N,1,N_D46
0,-11.560000,133.633600,N,0,N_D46
1,-0.560000,0.313600,N,2,N_D46
0,-4.560000,20.793600,N,0,N_D46
0,2.440000,5.953600,N,2,N_D46
1,0.440000,0.193600,N,3+,N_D46
0,0.440000,0.193600,N,3+,N_D46
0,6.440000,41.473600,N,0,N_D46
0,8.440000,71.233600,N,3+,N_D46
0,-0.560000,0.313600,N,2,N_D46
1,-0.560000,0.313600,Y,2,Y_D47
1,12.440000,154.753600,Y,3+,Y_D47
0,1.440000,2.073600,Y,0,Y_D47
0,-11.560000,133.633600,Y,0,Y_D47
0,-6.560000,43.033600,Y,0,Y_D47
1,8.440000,71.233600,Y,2,Y_D47
0,16.440000,270.273600,N,3+,N_D47
1,1.440000,2.073600,N,3+,N_D47
1,6.440000,41.473600,N,3+,N_D47
0,-9.560000,91.393600,N,0,N_D47
0,8.440000,71.233600,N,2,N_D47
1,8.440000,71.233600,N,3+,N_D47
1,8.440000,71.233600,N,0,N_D47
0,9.440000,89.113600,N,3+,N_D47
0,17.440000,304.153600,N,1,N_D47
1,1.440000,2.073600,Y,2,Y_D48
1,-1.560000,2.433600,Y,2,Y_D48
0,-4.560000,20.793600,Y,1,Y_D48
1,4.440000,19.713600,Y,3+,Y_D48
0,-5.560000,30.913600,Y,2,Y_D48
0,17.440000,304.153600,Y,0,Y_D48
0,16.440000,270.273600,Y,3+,Y_D48
1,-6.560000,43.033600,Y,1,Y_D48
1,-12.560000,157.753600,Y,0,Y_D48
1,2.440000,5.953600,Y,3+,Y_D48
1,-5.560000,30.913600,Y,0,Y_D48
0,13.440000,180.633600,Y,3+,Y_D48
0,-11.560000,133.633600,Y,0,Y_D48
1,-0.560000,0.313600,Y,1,Y_D48
0,9.440000,89.113600,Y,3+,Y_D48
1,-7.560000,57.153600,Y,0,Y_D48
1,-0.560000,0.313600,N,2,N_D48
0,-10.560000,111.513600,N,1,N_D48
0,15.440000,238.393600,N,3+,N_D48
0,-13.560000,183.873600,N,0,N_D48
0,14.440000,208.513600,N,2,N_D48
0,-12.560000,157.753600,N,0,N_D48
1,12.440000,154.753600,N,3+,N_D48
1,3.440000,11.833600,N,2,N_D48
0,-0.560000,0.313600,N,0,N_D48
1,-1.560000,2.433600,N,3+,N_D48
1,0.440000,0.193600,N,2,N_D48
1,11.440000,130.873600,N,3+,N_D48
1,2.440000,5.953600,N,2,N_D48
0,17.440000,304.153600,N,3+,N_D48
0,-11.560000,133.633600,N,0,N_D48
1,-4.560000,20.793600,N,1,N_D48
1,-4.560000,20.793600,N,1,N_D48
1,-10.560000,111.513600,N,0,N_D48
1,5.440000,29.593600,N,1,N_D48
1,14.440000,208.513600,N,1,N_D48
0,-0.560000,0.313600,N,2,N_D48
1,-5.560000,30.913600,N,1,N_D48
0,-4.560000,20.793600,N,0,N_D48
0,-9.560000,91.393600,N,0,N_D48
0,-4.560000,20.793600,N,0,N_D48
0,0.440000,0.193600,N,1,N_D48
0,-12.560000,157.753600,N,0,N_D49
0,-9.560000,91.393600,N,0,N_D49
0,-10.560000,111.513600,N,0,N_D49
0,2.440000,5.953600,N,3+,N_D49
1,4.440000,19.713600,Y,3+,Y_D50
1,7.440000,55.353600,Y,3+,Y_D50
1,9.440000,89.113600,Y,3+,Y_D50
1,-12.560000,157.753600,Y,0,Y_D50
1,1.440000,2.073600,N,3+,N_D50
0,3.440000,11.833600,N,3+,N_D50
0,8.440000,71.233600,N,3+,N_D50
0,-8.560000,73.273600,N,0,N_D50
1,6.440000,41.473600,N,3+,N_D50
0,0.440000,0.193600,N,2,N_D50
1,-7.560000,57.153600,N,0,N_D50
0,-6.560000,43.033600,N,0,N_D50
0,-10.560000,111.513600,N,0,N_D50
0,-8.560000,73.273600,N,0,N_D50
0,-12.560000,157.753600,N,0,N_D50
0,9.440000,89.113600,N,2,N_D50
1,15.440000,238.393600,N,3+,N_D50
1,0.440000,0.193600,N,3+,N_D50
0,-9.560000,91.393600,N,0,N_D50
0,-1.560000,2.433600,Y,3+,Y_D51
0,6.440000,41.473600,Y,3+,Y_D51
1,-6.560000,43.033600,Y,2,Y_D51
1,-3.560000,12.673600,Y,3+,Y_D51
0,-6.560000,43.033600,Y,3+,Y_D51
1,1.440000,2.073600,Y,3+,Y_D51
1,1.440000,2.073600,Y,3+,Y_D51
0,-11.560000,133.633600,Y,1,Y_D51
1,-12.560000,157.753600,Y,1,Y_D51
1,-10.560000,111.513600,Y,0,Y_D51
1,-1.560000,2.433600,Y,3+,Y_D51
0,12.440000,154.753600,Y,3+,Y_D51
1,-7.560000,57.153600,Y,1,Y_D51
0,-0.560000,0.313600,Y,0,Y_D51
1,-11.560000,133.633600,Y,1,Y_D51
1,-6.560000,43.033600,Y,0,Y_D51
0,-12.560000,157.753600,Y,0,Y_D51
0,12.440000,154.753600,N,3+,N_D51
0,8.440000,71.233600,N,3+,N_D51
0,-12.560000,157.753600,N,0,N_D51
1,-7.560000,57.153600,N,1,N_D51
0,-3.560000,12.673600,N,1,N_D51
0,-11.560000,133.633600,N,0,N_D51
0,-1.560000,2.433600,N,1,N_D51
0,-4.560000,20.793600,N,3+,N_D51
1,12.440000,154.753600,N,3+,N_D51
0,10.440000,108.993600,N,3+,N_D51
1,4.440000,19.713600,N,3+,N_D51
1,-8.560000,73.273600,N,1,N_D51
0,-7.560000,57.153600,N,2,N_D51
1,-7.560000,57.153600,N,1,N_D51
0,-1.560000,2.433600,N,3+,N_D51
1,-5.560000,30.913600,N,1,N_D51
1,-1.560000,2.433600,N,2,N_D51
0,17.440000,304.153600,N,3+,N_D51
0,-9.560000,91.393600,N,0,N_D51
0,-7.560000,57.153600,N,2,N_D51
0,-9.560000,91.393600,Y,1,Y_D52
0,-2.560000,6.553600,Y,0,Y_D52
0,-11.560000,133.633600,Y,1,Y_D52
0,-9.560000,91.393600,Y,1,Y_D52
0,-12.560000,157.753600,Y,0,Y_D52
1,2.440000,5.953600,Y,2,Y_D52
0,-12.560000,157.753600,Y,0,Y_D52
0,8.440000,71.233600,Y,3+,Y_D52
1,-3.560000,12.673600,Y,1,Y_D52
0,-11.560000,133.633600,Y,0,Y_D52
1,14.440000,208.513600,Y,3+,Y_D52
0,-6.560000,43.033600,Y,1,Y_D52
0,-12.560000,157.753600,Y,1,Y_D52
0,1.440000,2.073600,Y,0,Y_D52
1,4.440000,19.713600,Y,1,Y_D52
1,-12.560000,157.753600,Y,0,Y_D52
0,-8.560000,73.273600,Y,1,Y_D52
0,10.440000,108.993600,Y,3+,Y_D52
0,-10.560000,111.513600,Y,0,Y_D52
1,-6.560000,43.033600,N,1,N_D52
0,-5.560000,30.913600,N,1,N_D52
1,-13.560000,183.873600,N,0,N_D52
1,-9.560000,91.393600,N,1,N_D52
0,-10.560000,111.513600,N,0,N_D52
0,14.440000,208.513600,N,3+,N_D52
1,3.440000,11.833600,N,3+,N_D52
1,-13.560000,183.873600,N,0,N_D52
0,-7.560000,57.153600,N,1,N_D52
0,-3.560000,12.673600,N,3+,N_D52
0,-0.560000,0.313600,N,2,N_D52
0,-2.560000,6.553600,N,3+,N_D52
0,-3.560000,12.673600,N,3+,N_D52
0,-7.560000,57.153600,N,0,N_D52
0,-1.560000,2.433600,N,1,N_D52
0,13.440000,180.633600,N,3+,N_D52
1,-6.560000,43.033600,N,1,N_D52
1,4.440000,19.713600,N,3+,N_D52
1,10.440000,108.993600,N,3+,N_D52
0,-6.560000,43.033600,N,1,N_D52
0,-8.560000,73.273600,N,1,N_D52
0,-11.560000,133.633600,N,0,N_D52
0,6.440000,41.473600,N,3+,N_D52
0,19.440000,377.913600,N,3+,N_D52
1,6.440000,41.473600,N,3+,N_D52
1,-9.560000,91.393600,N,1,N_D52
1,14.440000,208.513600,N,3+,N_D52
1,3.440000,11.833600,N,3+,N_D52
1,-9.560000,91.393600,N,0,N_D52
1,14.440000,208.513600,N,3+,N_D52
1,6.440000,41.473600,N,3+,N_D52
0,19.440000,377.913600,N,3+,N_D52
0,-5.560000,30.913600,N,0,N_D52
1,11.440000,130.873600,N,3+,N_D52
1,10.440000,108.993600,N,3+,N_D52
1,2.440000,5.953600,N,3+,N_D52
0,6.440000,41.473600,N,3+,N_D52
1,-7.560000,57.153600,N,0,N_D52
1,4.440000,19.713600,N,3+,N_D52
0,-12.560000,157.753600,N,0,N_D52
1,1.440000,2.073600,N,3+,N_D52
1,2.440000,5.953600,N,1,N_D52
1,19.440000,377.913600,Y,3+,Y_D53
0,-9.560000,91.393600,Y,0,Y_D53
0,10.440000,108.993600,Y,0,Y_D53
0,-11.560000,133.633600,Y,1,Y_D53
0,6.440000,41.473600,Y,3+,Y_D53
1,13.440000,180.633600,Y,3+,Y_D53
1,4.440000,19.713600,Y,2,Y_D53
1,0.440000,0.193600,Y,2,Y_D53
0,-5.560000,30.913600,Y,1,Y_D53
0,0.440000,0.193600,Y,3+,Y_D53
0,17.440000,304.153600,Y,0,Y_D53
1,-7.560000,57.153600,Y,1,Y_D53
0,-0.560000,0.313600,Y,0,Y_D53
0,-0.560000,0.313600,Y,2,Y_D53
1,0.440000,0.193600,Y,3+,Y_D53
0,-1.560000,2.433600,Y,0,Y_D53
1,1.440000,2.073600,Y,3+,Y_D53
0,-6.560000,43.033600,Y,2,Y_D53
1,-9.560000,91.393600,Y,0,Y_D53
0,6.440000,41.473600,Y,3+,Y_D55
1,-1.560000,2.433600,Y,0,Y_D55
0,4.440000,19.713600,Y,3+,Y_D55
0,2.440000,5.953600,Y,1,Y_D55
0,13.440000,180.633600,Y,2,Y_D55
0,6.440000,41.473600,Y,1,Y_D55
1,13.440000,180.633600,Y,3+,Y_D56
1,-9.560000,91.393600,Y,0,Y_D56
0,-9.560000,91.393600,Y,0,Y_D56
0,-12.560000,157.753600,Y,0,Y_D56
0,-10.560000,111.513600,Y,1,Y_D56
1,6.440000,41.473600,Y,1,Y_D56
1,-3.560000,12.673600,Y,0,Y_D56
1,0.440000,0.193600,Y,2,Y_D56
1,-7.560000,57.153600,Y,0,Y_D56
0,5.440000,29.593600,Y,1,Y_D56
1,-8.560000,73.273600,Y,0,Y_D56
1,9.440000,89.113600,Y,3+,Y_D56
0,-11.560000,133.633600,Y,1,Y_D56
0,16.440000,270.273600,Y,3+,Y_D56
0,16.440000,270.273600,Y,3+,Y_D56
0,8.440000,71.233600,Y,3+,Y_D56
1,9.440000,89.113600,Y,3+,Y_D56
1,-9.560000,91.393600,Y,0,Y_D56
1,-7.560000,57.153600,Y,1,Y_D56
1,5.440000,29.593600,Y,3+,Y_D56
1,-7.560000,57.153600,Y,1,Y_D56
1,1.440000,2.073600,N,2,N_D56
1,10.440000,108.993600,N,1,N_D56
0,3.440000,11.833600,N,3+,N_D56
0,15.440000,238.393600,N,3+,N_D56
0,-0.560000,0.313600,N,3+,N_D56
0,-12.560000,157.753600,N,0,N_D56
1,-8.560000,73.273600,N,1,N_D56
1,-2.560000,6.553600,N,0,N_D56
1,-1.560000,2.433600,N,1,N_D56
0,-1.560000,2.433600,N,2,N_D56
1,17.440000,304.153600,N,3+,N_D56
0,-11.560000,133.633600,N,0,N_D56
1,1.440000,2.073600,N,2,N_D56
1,-13.560000,183.873600,N,0,N_D56
0,5.440000,29.593600,N,3+,N_D56
0,-11.560000,133.633600,N,0,N_D56
1,-4.560000,20.793600,N,1,N_D56
0,-8.560000,73.273600,N,0,N_D56
1,12.440000,154.753600,N,3+,N_D56
1,-8.560000,73.273600,N,0,N_D56
0,-8.560000,73.273600,N,0,N_D56
1,9.440000,89.113600,N,3+,N_D56
0,-10.560000,111.513600,N,0,N_D56
1,-2.560000,6.553600,N,2,N_D56
0,-0.560000,0.313600,Y,1,Y_D57
1,4.440000,19.713600,Y,3+,Y_D57
0,3.440000,11.833600,Y,3+,Y_D57
0,17.440000,304.153600,Y,3+,Y_D57
1,3.440000,11.833600,N,1,N_D57
0,0.440000,0.193600,N,3+,N_D57
0,18.440000,340.033600,N,3+,N_D57
0,2.440000,5.953600,N,3+,N_D57
1,3.440000,11.833600,N,3+,N_D57
0,-1.560000,2.433600,N,1,N_D57
0,-9.560000,91.393600,N,0,N_D57
0,14.440000,208.513600,N,3+,N_D57
0,-6.560000,43.033600,N,0,N_D57
1,18.440000,340.033600,N,3+,N_D57
0,-1.560000,2.433600,N,3+,N_D57
0,2.440000,5.953600,N,2,N_D57
0,0.440000,0.193600,N,1,N_D57
0,-5.560000,30.913600,N,0,N_D57
0,10.440000,108.993600,N,3+,N_D57
0,-7.560000,57.153600,N,0,N_D57
0,-1.560000,2.433600,N,3+,N_D57
0,-6.560000,43.033600,N,0,N_D57
1,5.440000,29.593600,N,2,N_D57
0,-9.560000,91.393600,N,0,N_D57
0,-9.560000,91.393600,N,0,N_D57
0,6.440000,41.473600,N,3+,N_D57
0,-6.560000,43.033600,N,0,N_D57
0,4.440000,19.713600,Y,0,Y_D58
1,16.440000,270.273600,Y,3+,Y_D58
0,-11.560000,133.633600,Y,0,Y_D58
0,-9.560000,91.393600,Y,0,Y_D58
1,0.440000,0.193600,Y,1,Y_D58
0,19.440000,377.913600,Y,3+,Y_D58
0,19.440000,377.913600,Y,3+,Y_D58
0,0.440000,0.193600,Y,3+,Y_D58
1,3.440000,11.833600,Y,3+,Y_D58
0,3.440000,11.833600,Y,1,Y_D58
1,14.440000,208.513600,Y,3+,Y_D58
0,17.440000,304.153600,Y,3+,Y_D58
0,-7.560000,57.153600,Y,2,Y_D58
1,-8.560000,73.273600,N,0,N_D58
0,-6.560000,43.033600,N,1,N_D58
1,18.440000,340.033600,N,3+,N_D58
1,15.440000,238.393600,N,3+,N_D58
0,15.440000,238.393600,N,3+,N_D58
1,-8.560000,73.273600,N,0,N_D58
1,-9.560000,91.393600,N,0,N_D58
1,-1.560000,2.433600,N,2,N_D58
1,1.440000,2.073600,N,2,N_D58
0,-11.560000,133.633600,N,0,N_D58
0,-12.560000,157.753600,N,0,N_D58
0,-7.560000,57.153600,N,0,N_D58
0,-3.560000,12.673600,N,1,N_D58
0,-8.560000,73.273600,N,2,N_D58
0,-0.560000,0.313600,N,0,N_D58
0,10.440000,108.993600,N,2,N_D58
1,-5.560000,30.913600,N,1,N_D58
1,-5.560000,30.913600,N,2,N_D58
1,-2.560000,6.553600,N,0,N_D58
1,3.440000,11.833600,N,1,N_D58
0,-9.560000,91.393600,N,1,N_D59
0,2.440000,5.953600,N,3+,N_D59
0,-10.560000,111.513600,N,2,N_D59
0,10.440000,108.993600,N,3+,N_D59
0,-12.560000,157.753600,N,0,N_D59
1,-8.560000,73.273600,N,2,N_D59
0,-12.560000,157.753600,N,0,N_D59
0,-8.560000,73.273600,N,1,N_D59
0,11.440000,130.873600,N,3+,N_D59
0,4.440000,19.713600,N,3+,N_D59
0,-13.560000,183.873600,Y,0,Y_D60
0,10.440000,108.993600,Y,3+,Y_D60
0,-7.560000,57.153600,Y,0,Y_D60
0,10.440000,108.993600,Y,0,Y_D60
1,-8.560000,73.273600,Y,0,Y_D60
1,6.440000,41.473600,Y,3+,Y_D60
0,-8.560000,73.273600,Y,0,Y_D60
0,-8.560000,73.273600,Y,1,Y_D60
1,-1.560000,2.433600,Y,3+,Y_D60
0,-3.560000,12.673600,Y,2,Y_D60
0,4.440000,19.713600,N,3+,N_D60
1,-7.560000,57.153600,N,1,N_D60
0,17.440000,304.153600,N,1,N_D60
0,2.440000,5.953600,N,3+,N_D60
0,0.440000,0.193600,N,2,N_D60
1,-0.560000,0.313600,N,2,N_D60
0,7.440000,55.353600,N,3+,N_D60
0,-3.560000,12.673600,N,0,N_D60
1,2.440000,5.953600,N,2,N_D60
0,-10.560000,111.513600,N,0,N_D60
0,-13.560000,183.873600,N,0,N_D60
0,0.440000,0.193600,N,3+,N_D60
0,-4.560000,20.793600,N,1,N_D60
0,-11.560000,133.633600,N,0,N_D60
0,-9.560000,91.393600,N,0,N_D60
0,-11.560000,133.633600,N,0,N_D60
0,-5.560000,30.913600,N,1,N_D60
0,16.440000,270.273600,N,2,N_D60
0,-12.560000,157.753600,N,0,N_D60
1,7.440000,55.353600,N,3+,N_D60
0,-7.560000,57.153600,N,0,N_D60
0,-0.560000,0.313600,N,3+,N_D60
1,-9.560000,91.393600,Y,1,Y_D61
0,10.440000,108.993600,Y,3+,Y_D61
0,-12.560000,157.753600,Y,0,Y_D61
0,-8.560000,73.273600,Y,0,Y_D61
0,8.440000,71.233600,Y,2,Y_D61
1,-9.560000,91.393600,Y,1,Y_D61
1,-3.560000,12.673600,Y,3+,Y_D61
0,-12.560000,157.753600,Y,0,Y_D61
0,12.440000,154.753600,Y,3+,Y_D61
0,0.440000,0.193600,Y,2,Y_D61
0,-9.560000,91.393600,Y,0,Y_D61
0,6.440000,41.473600,N,3+,N_D61
1,-9.560000,91.393600,N,0,N_D61
0,5.440000,29.593600,N,3+,N_D61
0,11.440000,130.873600,N,2,N_D61
0,-2.560000,6.553600,N,2,N_D61
0,-7.560000,57.153600,N,1,N_D61
0,-5.560000,30.913600,N,1,N_D61
0,-8.560000,73.273600,N,1,N_D61
0,19.440000,377.913600,N,3+,N_D61
0,0.440000,0.193600,N,3+,N_D61
0,8.440000,71.233600,N,2,N_D61
0,-7.560000,57.153600,N,1,N_D61
1,1.440000,2.073600,N,3+,N_D61
0,-9.560000,91.393600,N,0,N_D61
1,-0.560000,0.313600,N,1,N_D61
0,-9.560000,91.393600,N,1,N_D61
1,-10.560000,111.513600,N,0,N_D61
0,11.440000,130.873600,N,3+,N_D61
0,8.440000,71.233600,N,3+,N_D61
1,-11.560000,133.633600,N,0,N_D61
0,1.440000,2.073600,N,3+,N_D61
0,-5.560000,30.913600,N,1,N_D61
0,14.440000,208.513600,N,3+,N_D61
0,19.440000,377.913600,N,3+,N_D61
1,-9.560000,91.393600,N,2,N_D61
0,-2.560000,6.553600,N,2,N_D61
0,14.440000,208.513600,N,3+,N_D61
0,-4.560000,20.793600,N,2,N_D61
0,14.440000,208.513600,N,3+,N_D61
0,-13.560000,183.873600,N,0,N_D61
0,10.440000,108.993600,N,3+,N_D61
